SupplierID,SupplierName,ContactName,Phone
85e15c45-cbce-467f-929e-9ecea1a33907,Ware-Walters,Oscar Garcia,7707511194
0afe63c1-a171-4ce7-81e6-030f5ae4ffb6,Callahan-Austin,Nicole Murray,918-572-8133x5835
ac1b48c8-babb-4dec-88e9-0ea35ab76c52,Fry-Bennett,Dawn Molina,001-831-453-4899
ef7dc95b-9437-4274-a5ac-3b7488312ce3,"Peterson, Farley and Fleming",Cynthia Morrison,(947)771-7543
d9102829-d771-4d0c-b617-5221a4aa26dc,Hickman PLC,David Grimes,694.884.0543
a147a544-0d81-4615-9379-6aae303c0457,Martin Inc,Damon Stewart,001-424-844-3003x487
ae1614a3-cd73-4fa8-b1b2-58ee453b482e,"Wood, Martin and Morgan",Timothy Young,001-948-662-1059
fa5c2a38-6bd9-4850-a3cc-2b67d21322d3,Bernard-Ortiz,Morgan Lambert,(505)652-4164x091
009b0a94-24bf-410c-a57b-04409100f0cc,Moore and Sons,Kimberly Gonzalez,967.595.1719
7672b76a-b318-4269-a361-902e6f882c5d,Curry Ltd,Destiny Miller,+1-454-462-6401
26960391-527e-4550-a3f2-f318cefe8cbe,"Huynh, Nixon and Watson",Anna Ortiz,001-615-497-5504x341
36d9dae2-c475-4a3f-971f-4dbba0d88baa,"Wood, Russo and Butler",Jason Scott,(513)736-7769x42402
6339a7e8-7fd3-49ac-af33-8acacf7ea102,"Brown, Peters and Douglas",Ashley Woodward,925-701-1592x839
964fcdec-0e96-49d5-ba24-5145e1f94c57,Fields and Sons,Jacqueline Leon,(651)389-7776x8664
95771d53-8cd0-437a-a678-dfec24a57e86,Weeks Group,Amy Adams,538-356-6024x923
bc0a9b5d-d5a4-4274-a93e-110e70ae3778,"Calhoun, Graham and Deleon",Sarah Gonzalez,5142831841
6cdcc8ed-4a4b-4be1-8c5e-849d40aaa26f,Day-Spears,Melody Delacruz,5215012890
63408abf-7c77-4628-a635-d74c4d50c066,"Stewart, Taylor and Copeland",Carol Romero,420.942.3442
127c38cd-d783-451e-bb00-c949e1e3d6d9,Wilkerson and Sons,Nicholas Moore,001-436-349-1152x6477
811000ea-d500-49b5-a627-6244be3a624c,Martinez-Wilson,Jocelyn Sanders,442.301.3809x8229
7f0b4dae-cdd7-4a0f-8aae-8cd3bf9c1538,Rollins-Harris,Matthew Taylor,001-587-769-6482
f8351f06-7d3b-4ab4-8f9e-6864b98f2823,Davis-Mccarthy,Jason Downs,234-893-4262x89515
e679e013-075f-406c-9aac-bb3aa5ebb3e3,Wall-Patterson,Grant Miller,656.323.8224x000
ff27c968-92ab-482b-b441-657d43e861ab,Rivera and Sons,Brandi Bradley,854.456.1399
518d6bc3-57f8-4430-955e-26cab0e614c9,Walker and Sons,Dennis Baldwin,001-337-770-0178x99079
7e54a2b7-311f-4623-981e-7be6b9f0008e,Kennedy LLC,Margaret White,788.700.4473x306
73302712-cd9c-45cf-b2f3-e9ac94aab9c6,Matthews Ltd,Karen Santiago,(776)615-3879
70a06c1e-a185-4848-9d5d-dc488be68f90,Ross-Beck,William Heath,928-374-7329x6031
f8d6d281-dc09-4828-98ad-9c0ef6021f1d,"Henderson, Johnson and Rich",Elizabeth David,+1-310-355-7275x10377
2890210b-94b9-42f5-82dd-22f7fe75cc02,"Roy, Wright and Alvarez",Peter Acosta,+1-994-320-7606x2090
511622b7-9fa1-410b-8aa4-edcb08d78ab5,Pearson-Rollins,Kevin Collins,625-703-9884x974
f8c53ee5-0557-43e2-b981-b34227ed80cf,"Garrison, Mitchell and Coleman",Charlotte Espinoza,476-212-0658
f34d7888-5f46-40f2-9c58-afb452eaa321,"Davis, Lewis and Brown",Jeffrey Bush,+1-750-988-3855
5ad28d32-50e5-4077-8d68-9e8d55e44491,Spencer-Butler,Thomas Morgan,(900)911-3878x3491
9fc56b78-1016-4dc8-b970-d4b460fb7765,Bradshaw-Franklin,Lori Gonzales,001-785-346-1862x4037
3f64414d-9078-43d6-8d57-f648022b08f0,"Reed, Holland and Johnson",Steven Hill,(514)238-4523x3909
27490b4f-23f8-4f9f-a158-35a73fb1841a,Boyle-Flores,Mary Parker,724-731-9933
bad93708-3560-4501-865b-41bb4967bac5,Thompson PLC,Andrew Long,389-970-5750x5244
9d1aa1a2-5d94-4d28-9d29-f5938d01e65b,Cole-Barker,Courtney Johnson,+1-267-456-0635x2137
013970e0-01fb-40b4-a8eb-e9104824a75a,Wilson Group,Yvonne Moore,415-698-8994
aedbff38-31fc-4fa8-b418-c5f2978eadcb,"Nelson, Thompson and Sanchez",Julian Walters,576-624-1266x2580
4e323157-5f2c-463f-bbfc-ff555925b49f,Hopkins Inc,Sarah Serrano,267.917.9022
dd042893-8f76-482e-b913-2563e423b621,Price-Livingston,Donna Jordan,+1-609-388-6106x146
3a7dc574-cb42-4ed2-948c-be0750b91581,Yu-White,Jennifer Morton,523-494-1750x76935
3db127c7-cce8-41e7-9911-fe67cd6655f4,Stewart-Valenzuela,Jennifer Martinez,(288)717-6639
3f5c037c-27b3-469d-aa01-3527643fd5cd,"Perez, Smith and Brown",Ann White,001-217-785-3979x58537
52976458-b0e2-4602-9c5b-9f095f4189c7,Thomas Inc,Walter Weber,+1-356-791-4661x2417
fd4466d7-1979-4974-9466-82a95cd74ec9,Adams-Smith,Melanie Barnett,001-372-301-7890x225
688f7c24-e6a2-45da-bdbc-b818ce5f1289,"Perez, Pearson and Cole",Sydney Molina,(346)287-5033x27326
3774b30a-170c-4cbc-9fcb-e1d46356ed5a,Jackson Inc,Debra Russell,(379)682-8689
2101ce4c-ab50-445f-a303-c44cb5bb3c5c,Wilson-Moody,Ann Navarro,+1-927-428-5922x368
61cdc35f-6caa-4b10-b2e1-38e6441ad60c,Johnson Inc,Haley Sanchez,408-950-2322x03224
a3f3d049-3906-45dd-9ad0-969bd58f55d6,Barajas-Moore,Joseph Mills,001-990-671-5221x905
986a978e-2f5a-4cd6-aa94-d44612e7c54d,"Obrien, Garza and Munoz",Henry Hogan DDS,8066109516
f343ec51-a851-41f2-b1ca-6d89b0801763,"Harris, Francis and Brown",Courtney Daugherty,(296)629-7504x242
ecca0089-83ea-4388-97e9-45902bc80695,Franklin-Holt,Cassandra Fields,7643892668
82a08d38-dace-46ed-a816-ba74498afed1,"Mathis, Ruiz and Rice",John Flores,001-274-993-2782x7694
08da7fc8-6e7d-4b0a-9b92-a40514b50366,Potter PLC,Gabrielle Anthony,388.381.2624
0de860c4-4c3e-4516-91ed-a7e0d7cf206c,"Davis, Waller and Swanson",Brenda Humphrey,+1-794-300-0713x00155
df7a59d0-df75-4e46-8628-7da5ba1138ea,Curtis-Simmons,Joshua Wilson MD,466.540.8323x72557
7f99baf5-f406-4d9c-a0a9-a31e9c5bd048,Oliver-Marshall,Steve Obrien,(999)799-3393x26717
90ce7fd9-3982-4c0a-99ad-e81b98fdbebd,Adkins Group,Michael Smith,+1-700-967-9574x5417
ce84041a-5349-482e-a1ad-703efbb9b3a7,Miller-Kim,Sheryl Smith,229-725-6237x2815
82e47f91-6f4e-4875-915b-47c2c2bb8a75,Carroll Group,Brian Reyes,508.839.5783
e2de37f0-dad1-4650-869d-8ce75a36ae96,Edwards Ltd,Alison Woodard,318.581.6246x1536
920b59ba-d26a-42f9-908b-c780911d46a7,Adams LLC,Roberto Allen,806-535-1840x135
6b46f509-9083-48e8-bc31-bebc82e33186,Gomez-Day,James Valdez,(765)767-9497x0636
8ffbb77d-1c0e-4266-9539-5f2ec8fa9410,Wood Inc,Travis Simpson,6505011475
759a7c1c-af7d-4bdf-8125-f4cfa94a4ffc,"Cox, Webb and Owens",John Barrett,662.874.8468
dac8fac0-cd4e-4b2b-b685-6abb94430bbc,Norton-Campbell,Manuel Woods,9163905865
ab4bf796-78a2-4327-b7f2-453b4affe6dc,Robinson-Hernandez,Mark Reynolds,(283)284-5339
fc106664-ff6e-4998-95d0-0c67bb8469e3,"Perez, Martinez and Rogers",James Bradley,(741)682-0459x562
2c6d0fe5-66cf-4166-a80b-5a68a4dbae5c,Matthews-Lee,Brian Moore,336-941-1384x95728
2bee674b-4ef0-4123-bf2d-03bdc298d149,Dillon and Sons,Jennifer Smith,924.911.3489x34545
a465d835-1c9d-4573-8849-880e7991b1fe,Garza-Evans,Sandra Savage,001-777-429-6053x1782
7b6c2fda-1184-4dd0-88ba-b9295ea9958d,Lowe PLC,Troy Nguyen,425.310.0284x2440
169df8d0-9201-4c47-b256-224b5c242ecd,"Snyder, Ray and Evans",Karen Barrett,+1-705-617-2342x04441
099dcac0-52fe-474d-a5f0-b2a29bf9bd23,Williams PLC,Danny Bailey,+1-390-228-9819x98528
e8538ab6-b9e7-4832-9ab4-92ba19f87b7b,"Tapia, Wolfe and Moore",Joseph Miller,001-807-340-9995x594
0e1f9da8-f5c0-499e-8687-431544c7ae11,Gomez-Jackson,Taylor King,6867394295
c6958330-306e-460e-910f-3cddf6c25a34,Smith Inc,Steven Ballard,001-377-695-4394x8638
529cd839-884a-486e-9f94-7a48ec21a7ee,Garza Ltd,Melissa Fields,001-999-230-8796x08821
0b4ff962-fe5a-4c4d-b436-051e601ff357,Henderson-Mcclure,Daniel Thomas,001-373-394-3225
ef19e9b8-9844-440b-b0d0-ec7728015aeb,Hernandez Ltd,Zachary Nielsen,810-974-2245
c6eb61db-7689-418f-b344-beba4836a93d,"Wilson, Brown and Henderson",Dr. John Ferguson,413-976-1417
31fa77ac-b684-41b5-80d6-540f3cbca2a9,Reese-Vega,Angela Williams MD,001-969-424-9085x083
c3ad3732-52c0-4e97-b9c8-399dcb23d0ee,Miranda-Scott,Mikayla Strickland,3403042368
f83cbef4-d4ef-4750-a100-cc8412e2c129,Garcia-Curtis,James Clark,+1-252-888-1201x876
f0aa03b6-d9ca-4123-8957-8d2088cf18c1,Harris-Wells,Brian Young,533.954.3842x566
b5ab8473-4265-49f6-8d58-8724500b9b99,Harper-Rodgers,Mark Martin,872-441-0405
30d51cdc-69f1-45e2-9381-8b682146f8cd,"Patrick, Stewart and Gillespie",Kathryn York,263.819.6668
076b8e6e-9331-425f-9e81-0f8cbd6c5318,"Walsh, Singleton and Le",Elizabeth Black,2863152672
8eea82d5-645d-47a4-b77b-793b898bc220,Kerr-Graham,Vanessa Vance,925-718-2981x3860
2a5b80b9-2c88-4acc-8e88-ebc2837ee6aa,Rodriguez PLC,Vicki Dunn,(389)266-3889x514
a39a8415-15f7-4621-af26-fff3282550d7,"Ali, Lane and Simon",Jill Whitaker MD,946.729.5287
b9cd71a1-dea8-4b4e-954f-b2c429754670,Howard-Hernandez,Ethan Allen,(950)571-0407
d7756c82-5cdf-4c5c-b770-c71c3b13e4bf,Oneal and Sons,Katelyn Bush,+1-301-534-1893x129
0a6bb44a-bbf7-433e-ab1c-2a07b3117f85,Williams-Williams,Michael Webb,+1-620-450-9455
cc3d6e23-db7a-41f4-8139-f0320e18ba84,Smith Inc,Karen White,(335)462-8397x6877
ac7c85b9-f093-4780-b8c1-28cd64d9cbba,Price-Hayes,Meghan Patel,580-987-0168x33190
2ccca5b0-9ba1-4c5b-8e60-7368d7689c7b,"Pittman, Williams and Maddox",Jordan Kelly,207-210-7603
f27f8603-e40c-4967-81f9-f15eb31b14c4,Carroll-Stark,Lee Dean,575.868.5845x6231
71f94cb8-c7e0-4c0d-82d8-f67a68421d65,Simon-Holmes,Travis Williams,474-411-1152x35064
dc52f06d-6617-49f1-b682-9d5fc7c39c13,Holmes Group,Darren Ali,8048504282
cd6dde0d-8093-4615-a4a6-31935aeff6b9,"Rodriguez, Ryan and Duarte",Lisa Walls,(373)974-7147x84296
663c5923-ccca-4e96-b9d0-d9452a4ee97a,Jackson-Carpenter,Jessica Perkins,389-905-8322
341cbb9c-3327-4b03-8ec3-b462ba50d74e,"Salazar, Robles and Phillips",James Diaz,+1-941-631-3150x20293
ce73b210-1f39-4daf-ada4-23edefdeb0a2,"Miller, Archer and Johnson",Krystal Thompson,977.618.6469
daceee01-abd6-4fd3-9bd9-aea595b9b682,"Lam, Thompson and Hensley",Christopher Petersen,+1-673-584-0326x44020
b547955f-23b9-4a85-b5c5-c5d0ec3254f4,Hess and Sons,Amy Huffman,001-680-828-0010x284
2d5a9756-9d75-477b-a034-cbba5dbf1996,"Mcknight, Thompson and Sanchez",Amber Hart,+1-804-417-6604x9206
e9842a96-482a-43f1-b87e-f4892b9bd7ae,"Knight, Edwards and Gonzalez",Lisa Hill,(316)348-0362
651fa5dd-b216-4774-a375-5b71211f6944,Best-Little,Kathryn Edwards,732.639.9847
1d645450-e962-4f4d-9999-ac441ba14d37,Lambert and Sons,David Barnett,001-397-762-4753x03580
327595df-7fbf-46ad-844e-75227fcc33cd,Morales LLC,Richard Wood,001-487-480-6320
7745a7f3-8216-459b-ba67-7d258bff0bdd,Wood-Bartlett,Rebecca King,+1-714-828-8142x9817
762dab5c-7c41-4884-9dd1-5b0b66c7541a,Cortez-Wiggins,Stephanie Peterson,348.668.8896x62273
2ac45bd7-94d9-4c72-a9ce-6432e3332733,Meyers-Alvarez,Thomas Hill,922-368-8926x7023
b40d1ca3-140d-4d69-b5e7-484e3b946ffa,Brown and Sons,Danielle Richards,001-931-274-3676x19317
5555986d-6306-401a-a0dd-9311b4bb4099,Flores-Johnson,Yvette Lane,+1-384-750-2049x33464
cc0f0eea-4d20-42a1-baf8-a0cd8d93367e,"Ferguson, Erickson and Baker",Luis Hancock,7822630521
57ff74a8-9c13-4a05-b3b9-a5fc599c363c,Miller Ltd,Kelly Harris,501.284.5484x460
e070a4c6-1e69-40b0-832d-ce2e68aed820,Foster Group,Nicole Boyle,001-751-324-2953x758
fb163239-031c-4e50-9a23-b67c2ddcf72d,Flores-Baldwin,Cody Leon,751.279.4797
cbb90285-05cd-4fc2-a373-1e75b8f2c893,Soto Group,Rachael West DVM,+1-626-553-9769x18144
9b93636f-088b-4440-906b-41a90fa07e0f,"Strickland, Clark and Hines",John Mcfarland DDS,6916945555
cc4b8a32-9ee9-48f2-9c92-a4cb122c372f,"Yates, Palmer and Vargas",Carlos Nguyen,213.988.0110x5542
4ab0d021-adc1-4e2a-9714-815ea70c85ed,"Martin, Donaldson and Ray",Justin Mathis,583-204-5263
88938b16-6da8-4ef2-80d3-f4ab2c593a6f,"Mcmillan, Brooks and Wright",Paul Martinez,634-662-3556
7edc2082-d83c-4b2e-9043-6a507dedd274,Lewis PLC,Joseph Nelson,(524)980-7245x9463
646e8ef1-58d2-49d1-b941-367e7fb747da,Miller Group,Gina Page,001-335-883-0444x802
fe707418-2a6b-403b-a918-33772fe82f37,"Munoz, Mcmahon and Mata",Timothy Mcknight,+1-799-749-2833
b3a3de5f-0383-4a80-800b-ee875b8f62b1,"James, Wong and Grant",Donna Guerrero,8705987293
51ca9109-3da6-460f-b816-d928c51edf0a,"Johnston, Graves and Keller",William Lopez,(367)703-7576
6a7f6a48-00ff-4cfe-8d04-268345ce67ca,Leblanc-Wilson,Mrs. Gina Jones,+1-617-687-1415
bf3e1668-0baa-4806-ae30-99c4b7a80a88,Mercado Group,Jeffrey Perez,610-973-4120x2172
6742e064-5209-48d9-b403-9ee794a645d6,Simmons Ltd,Bradley Wolfe,+1-211-761-6993x3336
79229ff8-0743-45f5-8dc0-7cf523988632,"Browning, Watson and Martinez",Cassandra Hamilton,297-505-7855x478
76140e64-44d1-49ba-b45d-523db1d50df8,Kelley LLC,Lisa Acevedo,3443346813
4ba45226-e007-45f8-a78e-8674509dcc98,Rose and Sons,Robert Sexton,001-944-946-4453x631
44955a93-01f2-4e68-a081-c0419ce0771e,Nguyen-Clayton,Curtis Martinez,+1-749-501-9656x88212
bcd749fa-a964-47dd-b5e8-b6ee054840f7,Williams-Brown,Nicole Solis,001-214-955-9863
c8cc0340-7124-461c-8df0-2ab6a2498d64,"Roman, Myers and Guzman",Jamie Green,+1-801-408-0631x20062
40d8ec1b-c6c1-4590-b0a1-6cb4fff02568,Wade Ltd,Stephanie Taylor MD,833-736-6887x73411
88ff8564-b2ed-465d-81da-2dad7d22eeb7,Young Group,Brian White,(784)887-7846
9ad10174-7577-4c0d-97d9-1d54682b0971,"Smith, Perry and Nicholson",Cristina Dickson,486.488.4958
ac0c1a21-5879-42c3-98f7-fe4dbe56bd46,Garrett LLC,Robert Lindsey,001-921-643-9381x594
4238e031-f936-45d0-bae4-a5a5c99a68b2,Herring Ltd,Kevin Mccarthy,+1-471-961-8298
9ed86483-0702-4e99-9c51-93b74f86e82a,Anderson LLC,Barry Wagner MD,+1-898-405-0721x9211
59c822fd-7110-474b-ad80-0bd258eb44ec,"Riggs, Colon and Johnson",Heather Phillips,(230)850-0626
1ab4b77a-00e7-4a95-ab89-ed691c34f37e,"Mann, Ross and Brown",Gregory Gonzalez,(523)459-1702x82501
135cae14-ffbf-4b16-a1e4-cc7c8086cd46,Fuentes and Sons,Ricardo Washington,(682)526-0929x766
81d78025-26cc-4472-9ec8-75c47c7284be,Harris Ltd,Daniel Fernandez,405-753-1005x0322
8c65232b-d352-4b96-aa12-b0a277adef3f,"Hopkins, Villa and Cook",Trevor Kerr,605.540.6254x34457
622ec163-5001-4732-8fe8-d1511079e0fb,Cook and Sons,Donald Blackwell,+1-533-748-1869x784
3ac738ed-7b75-4f28-95ed-c6d69ac05107,"Clark, Smith and Snow",Cole Nunez,001-644-918-3989x247
467e4050-e1ad-4eb0-92a0-43c55ab21104,Mora-Delgado,Dustin Snyder,966-303-7837x47610
c901ee55-ea9b-44ea-aeb7-38933e918569,Soto Group,Jennifer Armstrong,001-748-508-0664x03943
538483c6-47ee-4c38-9ed7-07611b345b92,Jones LLC,Robert Mcmahon,3404434864
edc4aa44-cb38-407a-9055-1b057d978b13,"Holden, Kelly and Collins",Cassidy Hernandez,(594)477-7557x956
49b98715-7873-432d-83db-ff1fd60a7c28,Ruiz-Harrison,Kenneth Taylor,+1-235-348-9192x4456
6a9c4155-ada4-4fcf-b0f0-f603e4eead1c,"Dorsey, Ford and Wong",April Fields,+1-937-619-6711x731
c6a6f671-3979-47d4-bf7e-1d48ea0fbc70,"Boyer, Davis and Solis",Lori Thornton,668-898-0292x367
93dedccb-eb3a-4d24-ad60-24f3753dd1f7,"Sloan, Compton and Davis",Lynn Robinson,001-413-487-9920x5853
7800cac3-4646-41c2-a43b-5924b175665b,"Herrera, Roberts and Beltran",Samantha Harvey,(885)280-0557x67551
c390d72c-3f66-4063-815c-780dd90e0cd9,Gutierrez Group,Mark Watkins,001-298-468-2247x4158
d9ae1626-53ad-4056-9ec9-06d8d0c8ac7c,Davis Group,Nicholas Allen,461.435.2761x31680
da3ba59a-ff83-4fed-ad68-aaf6429d4d89,Gibson Ltd,Angela Watkins,743.750.1817
e6d20082-5ea8-456b-adce-678fb18f0b4a,Osborne-Horn,Victoria Torres,+1-558-929-3167x805
47101286-1981-48ec-9ac9-9c4c100ac063,Riley LLC,Lisa Harris,001-895-444-8374x5639
b970916b-97d8-466e-8523-174e60504068,Heath-Ferrell,Brian Mcdaniel,221-315-2222x80255
5bca40ee-bce3-4e7a-b3ed-f932c1456527,"Brewer, Carter and Molina",Daisy Rodriguez,625.803.4885x021
d75869d7-3f89-4cd8-aa23-983356667371,"Jacobs, Mercado and Ochoa",Perry Martin,926.914.3844
7657a861-ecaa-48fe-b9f7-b68b643b3796,Smith-Bennett,Mr. Elijah Curtis,001-220-223-6632x12196
35d0a2df-32ca-4de2-a3bc-583bee03f59e,"Brown, Wolfe and Cummings",Jennifer Martinez,(809)499-3972x28885
254f630d-4a2e-43f0-a58b-5bc865265a52,"Benson, Brown and Rodriguez",Michael Nelson,298-839-3276x9207
46ab38cb-019a-4691-af9d-b21fb6d612de,George Ltd,Joseph Oneill,+1-536-258-5410x4463
35c55046-ee31-4161-8d7d-45f439bb2868,Bridges-Berry,Susan Brown,631.935.3956x06763
56f9d794-1596-4166-a938-ff28db403ae1,"Bennett, Costa and Cabrera",Edwin Miller,674.384.3994x71493
2d110cbf-8746-4888-8142-fdafd75a4ff7,Rogers LLC,Melissa Hanson,(894)464-8322
22ee268b-bd0f-4707-bdc0-65572b32de45,Shields-Brown,Elizabeth Barker,859.985.9048x82746
40c3cfeb-5218-4627-95cd-9a6febe06871,Stewart-Bush,Kristy Santiago,584-359-1764
5e2992bf-e8e6-4bf5-95b7-479705a178a4,Hayden Group,Patrick Taylor,235.915.8799x42661
7098e981-fdf7-4c21-8423-f8598e30c144,Davis-Hayes,Gregory Richards,5166992419
1d3f1f45-2151-423d-a001-d9aff44b1d06,Gillespie-Johnson,Rebecca Simmons,001-794-287-0545x3184
e09d0598-185b-426d-9cf7-ded1ebcfdae8,"Ayala, Monroe and Carter",Kevin Johnson,948-330-6125x073
50c56355-753b-46bd-ba9f-ccb16c3eead6,"Woodard, Hurst and Garcia",Ann Fox,857.727.4059
8e7394a0-09d5-4747-b3dc-e1fd0628dee9,Lam LLC,Bradley Wiley,001-392-922-3753
827e4ebb-c006-4196-a7cc-336d85b65e93,White Inc,Brianna Duke,801.785.9364
07f95770-187e-479f-81a6-27ef9fcf90ae,"Figueroa, Clark and Wilson",Jennifer Fisher,+1-624-615-1738x0675
71ce5754-c758-472b-9bed-0ac68f0d8b5e,"Ramirez, Brewer and Parker",John Yang,477-996-1474
62d435a8-372f-46b4-bdcc-a5b9e75a57ff,Mclaughlin and Sons,Jerry Scott,+1-628-320-2689x337
6173e8f9-432d-4028-bfb7-0bb4e7c1035c,Baldwin-Hicks,Kelli Morris,(981)287-6644x108
4eb4fa14-f402-48ed-8421-a2de4e632901,Jackson-Gill,Cassidy Cruz,(723)848-7251
18beb99d-80f0-4591-9e50-916dff6e1405,Edwards-Burns,Jacob Hernandez,488-991-0750
6accf4bd-59b0-43a2-a762-e32df0b3796d,"Bowman, Mcfarland and Sanders",Randy Roberts,001-248-913-8507
f420f22c-74a0-4cdf-a500-cf77c012bb73,"Williams, Moore and Miles",Margaret Smith,+1-970-275-9765
2f2c3df5-74d3-427c-aeea-b90f3141010f,Ward-Williams,David Todd,900-677-9666x287
dad5caf3-296f-4442-bf7b-5e118094e43f,Smith-Woods,Jennifer Stevens,(677)956-0746
5cee0740-1674-48ca-83fe-986821806919,"Glover, Taylor and Williams",Christina Gonzalez,001-829-309-9562x6460
