BranchID,BranchName,Location
6ee8c1e1-f3e3-4e42-ab75-0fd97fc167bd,South Brandon,"7016 Kevin Row
Bowersside, IN 19694"
9f4efb88-8623-4b88-8c31-f5fd77d3f015,Robertside,"1270 Michael Squares Suite 882
Port Nancychester, PW 77583"
085d88f5-0f88-4545-a0df-f4898e8c0167,North Kristin,"07426 Arnold Port Suite 780
Schneiderport, WY 69715"
a1b71822-3026-4396-bf28-0e70025a2da0,Hawkinsport,"0815 Stewart Harbor
Sarahville, MP 54046"
7551e9f3-95be-497a-a2f1-389948edd0a0,New Sara,"4103 Stephanie Ridges Apt. 023
North Karenburgh, MT 23235"
4484da72-4db1-4835-8bca-c0afc542834d,New Amy,"1428 Tyrone Mall
Port Brenda, IA 48962"
01894b18-b236-412f-86b8-67bb0e8e16a1,Farrellville,"1452 Carter Ports Apt. 224
Charlesstad, IA 97269"
fbe7764d-628d-405f-b8e0-5cac773c7b73,Parkermouth,"046 Atkins Keys Apt. 067
Rachelland, PW 18116"
f34973bf-8b21-4d96-afc9-44a5a96a5a25,Carolynmouth,"264 Kristen Roads Suite 323
Lake David, MA 97876"
b3a7a8f9-5566-450b-8018-25cefcd4d661,Kristineside,"56709 Lopez Tunnel Suite 810
Wallaceburgh, FL 47529"
2f09e30a-d454-41a5-a838-5f43e35273b0,North Craig,"8799 Michelle Corner Suite 514
Jamesburgh, IA 79948"
3f4e7742-b081-4e27-8616-9ac46d770c0e,Danielleshire,"USCGC Watson
FPO AA 19895"
ebe4d771-ce4f-4bee-a9ef-55ab0dfc094a,Acostahaven,"251 Moreno Neck
North Robin, NM 68495"
ad3b7d2a-02ba-453a-b265-15a9f5852ea5,Jeremyhaven,"98074 Jeffrey Track Suite 559
Rebeccaborough, AL 50131"
5b610bd6-ac68-487f-aa83-4ff8aa95adfe,East Samuelland,"09507 Harris Fields
Stanleystad, AR 39710"
f7cfb227-e00f-4f80-80c4-25b7b1d33d54,North Robert,"014 Espinoza Trafficway Apt. 591
Johnshire, MI 37901"
459b9cd2-d496-4f4d-92af-724af694c186,Berrytown,"5222 Wallace Squares
Grimesland, VI 39528"
9dbd92db-38d9-4df4-be33-790a122ab7b4,Cherylberg,"23797 Elizabeth Bypass
North Joeville, WI 42639"
efb0794b-224c-4c8b-b479-f796d2e06542,Bondside,"444 Rojas Shoal Apt. 286
Erinbury, MT 03596"
4019501c-102d-4eb7-bde7-2b4121077a01,Ochoatown,"248 Chen Shores Apt. 618
Valeriemouth, DE 63423"
3348b08f-aae8-4498-97c4-dc148fe8c4e1,Mayborough,"35337 Roman Terrace Apt. 830
North Angelica, MI 27804"
5aa3a516-15cc-4cbc-aeaa-c7c1ad03999e,Micheleside,"5470 Kelly Summit Apt. 113
Lake Deborah, AK 47290"
2b614170-9ed4-4236-9e7f-5cf1008de121,South Theresaport,"37991 Kaitlin Fords
Joshualand, VA 45467"
d10ff3b1-2248-4e99-a6c3-8ea146fa56a7,Brendaville,"75602 Kristina Green Apt. 599
Marcustown, OK 26334"
3c6943a9-8038-493a-a1db-2cc871c09ad3,Robinsonberg,"4681 Donna Road
Ericview, RI 36374"
50959ccb-ac98-44d8-be52-1f643e3a4435,North Kelly,"12072 Alex Islands
Stewartchester, FM 76588"
2c2cbc57-6c13-48de-a369-5f8ed2834a5c,Lake Allenshire,"38952 Taylor Mountain Suite 569
Lake Allen, MP 40295"
1c35ef4f-5ee3-407e-9e13-b4bbd3474f03,East Victorhaven,"90704 Stephens Locks Suite 112
Sheaview, FM 50568"
b09ecba6-6854-4f35-8c54-844ed0f440c1,North Eddieburgh,"3122 Claudia Wells Apt. 022
New Franceshaven, MA 94911"
57b90f59-8a67-471d-92e8-d6809a9f4745,East Abigailbury,"980 Graham Causeway
Courtneybury, VT 13889"
3317bd44-19d6-439a-bb8b-eed9ffd060ea,Lake Nicolehaven,"4963 Reese Ports
Holand, IA 30009"
124682bc-8bbb-4818-8f3a-7576b001f118,Nancyville,"195 Peter Springs
Vaughntown, RI 07988"
4b0cf34e-d326-4682-8a5e-0e586aaecf5a,Stephaniefurt,"723 Callahan Roads Apt. 035
Marybury, NM 64311"
0a1c470d-114f-4f37-8ee7-f49fa26d6701,Michaelberg,"859 Williams Streets
West Nataliemouth, LA 45187"
b0ca4004-fe1d-4582-be32-33e50e824288,Bradfordfurt,"424 Juan Vista
Lake Andrew, CO 16131"
30d7ebec-5233-4641-89d2-c03cbca055eb,South Briannafurt,"Unit 1110 Box 2008
DPO AP 93528"
5d99ed49-6692-47ff-9d94-bba8705f0ddf,Teresaborough,"586 Miller Orchard
Hammondhaven, PA 59215"
5411afab-8afc-4af0-b9e8-8357fd015247,Lake Karen,"7580 Anna Burgs Apt. 168
Staceyhaven, FM 38703"
1e32269d-5c50-4ec2-a2df-e87405a1f92b,Lake Jennifer,"858 Bryan Shores Apt. 067
Kelseyhaven, IL 28893"
00ab9311-7687-46e7-ae87-5cd014902201,Mclaughlinmouth,"6783 Jason Forge Apt. 141
West Elizabeth, NM 06177"
16548f9b-33b4-4465-aa4b-584ec2973ec5,Stephenhaven,"Unit 7357 Box 0266
DPO AE 20273"
a1c1706c-b76e-4c6d-b9d7-20fef8e36fbe,Kerrport,"10149 Cindy Forest
Sergioside, FL 07252"
9542f310-0b57-4e6b-b48e-48550052cb93,Lewisfort,"89838 Cheryl Estate
North Steventon, ID 73560"
ee379a01-36ba-4512-a6db-e44eb4332cdf,Oconnellmouth,"67563 Brian Isle
Port Andreabury, AS 77751"
19966600-7d60-45d0-b13d-7409193319e9,East Nicole,"16128 Stevenson Dale
North Ellenview, MO 39238"
2ecd8ec6-241b-4643-8997-a04bf994ac74,Lake Edgarborough,"174 Cortez Turnpike Suite 239
South Jennifer, MI 31193"
71715d9f-29e6-461f-a4a5-e6b8461157e9,Josephborough,"PSC 0582, Box 9731
APO AP 85977"
974820e5-e35d-4965-bbf8-c7acc947b4e4,Taylorchester,"22357 Taylor Parkways Suite 268
Valdezport, PW 50000"
21a001c8-0d28-4b25-9007-7cfbcf725c45,New Keith,"2781 Anderson Expressway
South Emily, MS 25318"
5b4bd7d1-08fb-43ca-9506-84fd09d7fc1e,Stonechester,"385 Martin Island Apt. 137
North Stephanie, MI 65963"
5aaec91b-e30e-43fb-aa9f-d9c2f06ffff1,Danaside,"Unit 7196 Box 6903
DPO AP 62634"
3292a1e0-95e7-4fdd-b7c2-836616ccc1c1,Morafurt,"559 Jared Centers Apt. 899
Justinborough, DE 22117"
488f3ca8-0358-49aa-b4f9-b416de96380c,Meganview,"5319 James Street Apt. 820
Meadowsside, AS 54804"
a2c49e88-5a62-4158-9d08-b8d315b73a6c,South Edward,"455 Geoffrey Corners Apt. 585
Lake Margaretland, AL 12675"
c9212a40-d56c-45ec-8815-9eeda0bd925a,Biancastad,"30979 Stephanie Highway
North Cynthia, ME 30078"
19a23581-0e56-4a83-b6d2-700539e87024,North Michaelburgh,"67986 Smith Lodge
Kingburgh, KY 65608"
5a246e10-56f9-4e06-b0c4-89bd9fa031fe,East Hannahburgh,"670 Frey Islands Suite 423
South Lindsey, RI 12851"
339de77f-d130-4026-ae21-cc09c7dee8f4,East Brianstad,"0112 John Shoals
North Katherine, WV 33647"
d2d217d2-be9b-43a9-8817-27afd682aa8a,New Stephaniebury,"3419 Cynthia Spur
Payneberg, AL 70044"
419eaee9-0b41-4cb9-9e1b-886307dfd9f8,Braunville,"USNV Burns
FPO AE 58548"
957de411-8c2c-49f0-9896-dd62c0bb83f5,Cowanton,"36896 Johnson Valley
New Tiffany, FM 18293"
aafdf467-b65b-49cb-bfa6-4c9c360d2ed6,North Josephton,"263 Park Center
Tranville, PW 54503"
f625055d-4f78-4650-9874-33f4a263b6b9,Lake Robert,"440 David Common Apt. 066
New James, AK 44599"
e97b7e6c-3f72-483c-847b-86434dde54fc,Hollowayfurt,"550 Phillips Gardens Apt. 142
East Christopher, IN 85926"
55cb41fb-fb30-472e-837f-7cf5bb212034,Danielchester,"50953 Hunter Ville Suite 487
Kellyberg, SC 06142"
f21a8f6e-add0-4af9-873b-ffe9d35026f0,West Jodiberg,"06548 Daniel Mission Suite 658
South Susanburgh, NH 67783"
227fa585-928b-4cc7-95a8-a2300c384ab4,Vickieborough,"472 Nathaniel Place Suite 796
North William, UT 03875"
286e7b88-65f2-4494-a438-a10aa7cf3279,Lake Ashley,"646 Tim Rue
New Tammyhaven, NV 99683"
2a1eb11d-ecb7-4fb3-a498-81c2d9d3d20f,Diazland,"81730 Maria Burg Suite 362
Port Jenniferton, MH 61381"
a3fe14a9-b00d-44f1-823d-056bf8543bf6,Port Jamesborough,"472 Willis Village Apt. 539
Wrightshire, MN 74630"
f97a45c4-6f37-44aa-a89a-6f6277fbc99e,Davisshire,"7819 Middleton Islands Suite 135
Paulahaven, LA 43718"
e57a24c2-18fc-4576-8de4-df4d2974ed7e,South Angelabury,"6606 Hill Tunnel
Lake Laura, ND 33658"
7ab0bde7-4d7a-4886-acc4-8533d6493538,South Brookechester,"52032 Michaela Passage
Howellshire, AR 19453"
2c0f02b5-a3ce-4377-9381-a1c7e0b16689,West Josephtown,"70559 Cox Row Suite 015
Brownstad, MP 40898"
0e26e9bb-57e7-4f59-ac9c-fe9e128c2168,South Jessica,"4838 Morrow Lodge Suite 117
Atkinsview, FM 69604"
2653151b-c671-48c4-bf65-b56366f909a1,Zacharymouth,"93823 Hill Forges
Port Jeff, NE 40618"
33e000d3-23e4-4e32-ba4c-e69cc7af5f3e,West Troyhaven,"823 Barber Mills
Alberthaven, ME 59238"
2faa50b4-b15c-4a9e-9bc4-523b8538ab9c,South Stephanie,"45582 Kerr Village Apt. 911
Davidhaven, NV 70338"
37d99c35-b1b0-489b-8a16-a06231110120,Watkinsstad,"30362 Miller Rapid Apt. 672
Kirkmouth, NM 16614"
cc125dd4-a64b-458e-86b7-edfae7b7eadb,West Robert,"8093 May Mews
Ochoastad, VI 58587"
c83b309e-ee1b-4fcc-99f1-73caa1b757c6,Port Amyborough,"009 Victoria Way Apt. 624
Lake Toddview, KY 24175"
f4711a72-541f-40a5-a858-e1cf52fd63e8,Port Steven,"5649 Burns Trail Suite 416
Lake Nathan, WI 38986"
68f93bbd-d490-4803-9f72-ef8247bf3bb4,Lake Lauraton,"USNV Porter
FPO AA 31615"
d3e83e49-0805-4997-a056-7b515d64d2ad,West Jamestown,"68910 Burns Forest
Richardside, SC 31297"
c8b74655-3707-4c2e-99b0-2f986f395c99,Lindashire,"730 Watson Unions Suite 730
New Stephaniebury, IN 56112"
ca820a01-1b76-493a-8d5c-b8158895cc32,Donaldchester,"617 Nathaniel Mill
Jameschester, UT 30044"
c1997bf6-86a5-44f1-9fb9-7dda4e67ba3f,Vegaberg,"0820 Jennifer Meadow
Lake Jillton, VI 85084"
ce229f38-cbfd-48fd-9d53-25990922eb40,North Ninashire,"4401 Russell Road Suite 414
Randallborough, CA 10963"
21428fed-6121-4082-8003-d72bb4aaacaf,Thomasport,"0588 Valdez Motorway Suite 095
North Bretthaven, NY 65207"
60446f6e-2a11-4837-8d2d-acac9dedf855,Bakerfort,"319 Calvin Expressway Apt. 600
North Kellyview, MH 71309"
9b251cb1-4575-41a0-9288-e662cb1c1f4d,Joshuabury,"530 Eric Row
Matthewland, HI 60538"
8e94c2da-0648-47ef-9142-6e1264377441,Loribury,"594 Sarah Trail Suite 750
Butlerton, MP 39497"
2fa0005c-736b-4660-9398-ea23be72c06a,New Tracey,"6586 Tyler Drive Apt. 141
Clarkfort, GU 44795"
f59136a9-ba85-41bb-9ad7-4ec18ad12f7f,West Jessica,"4867 Jones Park Apt. 061
Lake Erikabury, ME 10470"
2812cfa6-16ae-453b-8468-d02cdd7349cd,Samanthamouth,"2528 Evelyn Plains Apt. 380
West Rachelfurt, CT 52772"
41155bb2-bb89-40c6-ad98-f5145201c8da,Stewarttown,"67515 Amy Prairie
South Michael, MD 98223"
4fea47a1-5006-44a6-9638-1f739a6ab0e8,East Feliciaville,"351 Abigail Mission
New Lauren, PR 30508"
b6d6e454-7ad6-46c6-8b15-0ac6782020bf,Lake Billyshire,"48157 Wiggins Village
Caitlinmouth, VT 70479"
f169086e-61d9-4b81-817a-b1df763b4139,Weisschester,"2770 Antonio Isle
Darrylburgh, VA 24809"
f1fa9274-abf0-4020-937f-e2df4ea3da0e,Jeffreymouth,"PSC 4484, Box 2843
APO AP 27399"
15a983b7-a6c4-43e1-9b7d-809a9d3cb4b1,Katelynview,"068 Kathleen Camp Apt. 958
Patrickstad, NE 17615"
2abfaed8-dc55-4cab-8266-b9179746a1cc,Kempberg,"0218 Mary Crest Suite 267
Anthonystad, CO 76389"
68bba089-bd80-4fa9-8ba5-e85f8c2b9ce4,West Sharonfort,"898 Lewis Hill
Jorgemouth, VI 64561"
fbe71b38-77aa-470f-8abc-99893885455f,Randallburgh,"03154 Kevin Ranch Suite 290
Michaelport, CT 73661"
4079eaba-1bbb-4a14-bd68-70d2fbca7fce,North Laurieshire,"0885 Fox Trace
Briannatown, KS 03066"
83bae8dd-e341-4758-be91-1eaccf08babc,Michaelland,"177 Fischer Valley
Hansenfort, CA 63752"
470e8db2-4024-4a40-87ac-3d3631460476,Amberchester,"7092 Raven Throughway
Davisland, MH 80771"
7b988ec2-784e-451d-9573-0d1c6d0c7fee,Port Georgehaven,"9161 Peter Stream
West Jonathan, VI 60508"
e207aa26-cb6a-49ce-aab4-601d27f81646,Hernandezshire,"PSC 9813, Box 0717
APO AE 23928"
49ce5998-2d7e-4436-9664-b3ea0e4cd49c,Shermanchester,"314 Ian Center Apt. 603
Williammouth, SC 12485"
32b9d671-93c7-40b0-8183-bef9584084f0,New Rachaeltown,"8288 Stevens Plaza
Burkeburgh, MH 12127"
26132b24-6135-402f-a0d8-b9cc987a0007,Lewisfort,"USNS Drake
FPO AP 64021"
9ecf173c-bff3-4b6f-a7f8-ec635ce68644,West Carla,"72361 Douglas Fork
Lake Ashley, NV 07025"
377299c6-4976-45f0-991f-169f911b569a,South Monica,"782 Mendez View
North Michaelton, AK 56691"
6f5e302f-a10e-46e6-bf95-de8ade04bcd0,Ambershire,"30817 Seth Ridge Apt. 027
West Nicoletown, CA 23861"
f68ffbf2-45da-4f41-9ab0-f313a801b084,Nicoleberg,"118 Randy Plain Suite 603
New Jefferybury, GU 42613"
dc34c219-21ba-458b-a030-83097a139d1e,Christyfurt,"596 Gillespie Divide Apt. 833
Brandishire, VA 28355"
504645a8-eca8-42c9-a0bd-3adfaf8a854a,Williamsmouth,"97603 Larry Glens
Port Christopherhaven, NC 31149"
e58ab65d-5f1e-4b36-a14b-1de889a5f762,West Rickyton,"2319 David Roads
Lewisbury, AS 27675"
068aedd6-ee5a-455b-aa91-bc0d27304f42,North Richardshire,"50364 Alicia Port
Lake Alison, ME 44046"
fa9f9714-6bff-4f54-a5eb-e6f693c5658f,Robertberg,"Unit 6680 Box 5913
DPO AP 80219"
ba0d54f6-3ea1-45da-a1a1-f6ffd29bcb81,Port David,"236 Laura Vista Apt. 185
Jacksonmouth, MD 96959"
cdf938f4-e4b2-49c7-b73c-ee1390255ccd,Hernandezview,"520 Hood Turnpike
South Samuel, ID 21186"
a97e6890-8d9f-4b5c-b6ce-b0041444685d,Port Michaelview,"1945 Frazier Stravenue
Port Laurenstad, LA 92274"
ae29d17d-a72d-4ddb-9675-8ed49a8b0176,Barrettburgh,"323 Miller Gateway
Ashleyfort, KS 08456"
59136b38-b2e5-4a1b-8ffb-83972cac7f93,Lake Antonio,"4421 Melanie Spur
Wrightfurt, TX 92663"
bed42b09-0a91-41d4-b90d-3f692bb10627,Benjaminport,"063 Laura Fort Suite 833
Kylestad, RI 12512"
78c8cc4e-7404-49c2-80a8-dc2b67bdff1a,Aguirreside,"67627 Nicholas Bridge Apt. 412
East John, VI 53639"
76e2725d-551e-4246-bb71-015a99bc64d3,Port Heidichester,"3445 Martinez Pass Apt. 122
West Stephenmouth, MO 15720"
7ebb8448-46c3-4fc3-9655-ee194417585b,Juliahaven,"29857 Daniel Crossing
North Lonnie, MP 32746"
30f60059-f670-4680-b895-3ac2f87109b4,Angelaton,"651 Kimberly Freeway Suite 725
Barbarahaven, GU 51989"
f795fc2c-825e-456e-b4cf-e164a9986f36,Jasonstad,"2704 Jennifer Orchard Apt. 167
Deanview, MP 58103"
51fae0d6-e7e4-4312-b21d-17d07ffdcd5a,Brownville,"675 Garcia Shores Suite 787
New Mariah, AL 90596"
02e9b8a4-c40a-4089-867f-d6b4b2abe919,Acevedohaven,"263 Reed Overpass Suite 597
Port Christinafurt, OR 59807"
ac895817-82b9-4fc5-92f6-69cb49e4b988,Carolinechester,"43572 Fischer Ford
Maxwellville, AR 39369"
badcda92-ff07-4392-ae7e-74244d91f662,West Shane,"85433 Terry Tunnel Suite 603
Orrmouth, WA 88485"
6dc813d1-e321-42dd-b92d-a61b3e057201,Port Stephen,"284 Timothy Turnpike
Elizabethmouth, NH 49706"
4253d48c-2568-4b4e-8449-dea950c9f509,Johnsonfurt,"065 James Vista Apt. 559
Port Alexmouth, NE 03134"
f68259b6-e80c-4289-b912-1029505d44cc,North Nicoleshire,"149 Leonard Drive
West Spencer, AZ 95949"
ef136ab0-a7c3-4227-ad89-0f8b07bbbcf7,New Shariville,"934 Sanders Spring
East Meganhaven, KY 67168"
f4ec3da8-8b6f-40ed-acfe-5929521be568,Lake Adamchester,"85788 William Light
West Grantchester, NJ 74272"
b29f5353-7c82-41cc-9c04-190e341b9b33,South Nancy,"96796 Stephanie Trail
Duranberg, NJ 88283"
309d5f41-0675-47a5-a5fc-694789b6f28c,Port Sandra,"USNV Williams
FPO AA 13112"
272353ed-e8b6-45dd-9aed-6df4cbc02621,Danielside,"5879 Mark Skyway Apt. 695
Benjaminchester, MH 67858"
52df29c7-db7d-4d66-a07a-87f2adc52807,Lake Jamesberg,"4204 Alexandria Skyway Suite 471
Chungton, SC 17302"
11574fae-df2b-4e83-8ebb-a469b7efa7ed,East Amyland,"059 Julia Stravenue
Jameston, MA 71022"
14b5665c-6d8c-45fe-9387-2b8fe553ec5a,Briannamouth,"093 Roberson Lights Suite 593
Griffinport, GU 46834"
48917a96-e5d4-47f1-9588-ffbbc1794901,Lake Tracy,"396 Santiago Drive
North Lonnie, VT 42510"
56e8fa49-c0ef-4474-af41-b18b55292f2d,New Miguelberg,"39082 Ortega Station Apt. 961
West Thomasville, FL 77346"
aca67088-f246-413b-9287-96b040aaa343,East Autumnhaven,"415 Robert Throughway
East Catherine, TN 73615"
bd9edc84-b43f-4cb7-a1f0-b493e8c9b7da,Montoyaburgh,"157 Michael Junction
New Timothy, RI 07910"
96623313-0ca2-4214-ba2d-4968854e1b39,East Dawnburgh,"USNS Waller
FPO AA 39833"
84bf2204-6f60-4917-8467-5d42c4768ec7,East Brandonfort,"93666 Roberts Field Apt. 238
Biancaborough, GU 26764"
a45ca73f-e83d-45ab-8aac-69b3380e2790,North Matthewberg,"075 Flores Corners
North Donna, MA 89733"
29a619a0-1aa3-477c-9e93-918b0ee68378,Gutierrezview,"8729 Hart Rapids
Amandaberg, MO 62649"
01d65bf2-b1ee-4151-925f-08690d80318b,South Scottmouth,"551 Padilla Throughway Apt. 958
Thomasstad, ME 39742"
023dc89f-1ccf-487d-828c-2a7a04dc9941,New Samanthatown,"2897 Gregory Trace
South Kevin, MP 44310"
41c0001a-0e70-4d04-9e17-f90ccf0e9339,Rileyfort,"PSC 6304, Box 9307
APO AE 04953"
fcd5c8ee-5ced-41a9-8c84-9dfc3d85e1e2,Gonzalezburgh,"4313 Daniel Crossroad Suite 879
Tammyfort, MT 68825"
9ec4fceb-a01a-428f-87ac-eb95b9c37fed,West Morgan,"5193 Garcia Tunnel
Donnaside, MT 96058"
610d90e6-88fc-4872-99d1-88708387a320,East Travis,"138 Danny Orchard Apt. 655
New Ryanborough, GU 70929"
87ebfba0-dad8-4e0f-b839-2c1dc33f27d3,Annachester,"23126 Brown Crest
Port Jeffreyport, NM 51311"
5b06197b-5941-498a-bbcd-15bf6f50f86a,Wagnerhaven,"6828 Amanda Key Apt. 988
East Rebeccaville, OK 43000"
65f82be3-2d97-48f1-8f56-cab656363cb0,Port Sean,"8084 Chambers Ridge
Roytown, OR 17432"
55af7deb-034e-4654-95e6-68c1c93d9e7d,Patriciachester,"8110 Shawn Mill
Lake Jenna, ID 15979"
709a7709-990c-41f2-a77c-db8e67a6fb86,Lake Carlburgh,"3938 Amy Lakes Apt. 323
Andreastad, NE 41526"
0912edca-1c06-4f33-ad1c-ee66df0e8a7d,Christopherfort,"77017 Cummings Ford Suite 387
Gallegoschester, UT 31995"
023339db-82e0-49bb-8e53-84d1006f90d7,Stephensberg,"291 Charles Coves
Lake Maryshire, CO 44585"
229e58ca-772b-4420-9ef8-118519c75d9f,South Haileyport,"04175 Melissa River Apt. 654
West Rachelfurt, TX 67549"
81fb5778-11c3-441f-8236-ce16bbef4502,Reyesview,"PSC 8137, Box 0960
APO AA 59325"
b8729870-fc13-433c-904e-8db8d45a844f,Crystalshire,"7703 Christine Valleys Suite 260
North Rickytown, FL 79682"
57376734-9d06-473c-b78c-e522059662be,Harrisberg,"3492 James Springs
Torresmouth, AL 84595"
e74f6657-65d1-4831-8061-2d876777672b,South Christine,"27258 Michael Mission Apt. 526
New Vanessa, CT 08446"
ae65d8be-f7d2-47ed-bbb5-d05bde84ff97,Lisaborough,"643 Dylan Burgs
Stephanietown, MA 22488"
3db8253d-67c9-4bb6-98e2-6afabbe10328,Johnsport,"8502 Jackson Ports
New Anna, AR 14051"
c3314b50-31bb-4d35-b058-1d77e1823038,Lake Andrew,"17710 Rios Gardens Apt. 660
Mitchellmouth, SD 47757"
d7c2aa9b-bcda-4986-86a0-d303e1e2f4b2,North Tyler,"04713 Mary Throughway Suite 768
Jonesstad, NY 76178"
33a4e3e6-02fe-41dd-a5e5-e388e92d3a9d,Port James,"9556 Gilbert Court Suite 043
Mitchellburgh, GA 33536"
da007afc-922d-4a4a-88d9-1c035f693e1f,Elizabethland,"312 Jennifer Route Apt. 570
South Virginialand, IA 27490"
01f47b0f-829a-47da-9392-24ba8033000b,East Catherine,"Unit 8162 Box 1518
DPO AE 96182"
2a74cc9d-801d-41fb-9653-cf0d3b873032,Hudsonchester,"4360 Melissa Parks Apt. 702
Lake Christinaland, MI 51165"
16c2071e-e3b0-4b73-9bd6-506a2bbd713f,Connormouth,"6720 Jefferson Prairie
Sarachester, RI 90769"
7b546be8-367a-4c8a-9b57-e1194e7d8887,Lake Megan,"66630 William Ville Apt. 616
Mcgeeton, NJ 25729"
05523160-048a-4efa-a39b-d7453acd8677,South James,"PSC 5704, Box 5665
APO AP 43995"
2cf7bd68-e356-4db2-95f7-1dc089efcac6,South Nancy,"2144 Sara Springs
Robertsside, OK 97416"
5d50c866-abc8-4ad3-bbad-05514ba70120,Lake Eric,"675 Palmer Wall Suite 813
Collinston, MA 06743"
981d1e00-f624-4c3a-bea0-ba41c848a9ff,Port Brianna,"82079 James Creek
South Julia, WA 62376"
795b907a-4471-48a9-ad1d-e3b57bc6d7a2,New Lindsay,"08767 Steven Tunnel
West Jeffrey, OK 08713"
e352f548-f46b-4bb5-9ffa-518e29a6bb65,Edwardschester,"405 Kelly Harbors Suite 064
Nicolechester, NM 70615"
0e23a5dd-ba44-4b10-b2bd-710eb997ad5c,Melissaborough,"7136 Williams Cliffs Apt. 975
Lake Michael, UT 34396"
184768c5-b174-47d5-9840-9a2a8e5c6e8b,West Bobbymouth,"131 Harrison Green
Ramosburgh, LA 59962"
781f65e5-9670-42d8-93d7-5da2b6be8f3d,Williamsport,"592 Jeremy Trail
North Hunterbury, DC 07549"
a75b0e2a-35b8-4c08-9563-22c4191d4c82,Andersontown,"50352 Brown Ridge
East Nathan, AS 08744"
5ecd77a1-634f-4416-bce7-2e271f55d71b,Martinbury,"8349 Michael Dale Suite 127
Sarahbury, MS 42913"
052455ee-97f6-4470-8905-3870470b317f,East Rose,"76805 Jeffrey Inlet
Padillahaven, TN 36840"
fd42e621-47e6-4ec6-997c-c2ee6335320d,Port Heidi,"18723 Morrison Forges Apt. 457
Frankland, MO 62803"
652f3d79-a6c6-4ee9-92b4-4ea48a3d1b02,Jefferybury,"449 Kimberly Loaf
East Timothybury, OH 68398"
28dfa019-549f-4644-8bf8-e78991f70911,Hinestown,"4392 Carroll Station Apt. 791
Sheahaven, MN 54808"
cd074217-5293-42ab-9432-3c3fd031a240,Jamesfurt,"20765 Sergio Crossing
Sabrinamouth, AR 26421"
a93dc54c-e1bc-4f58-a32a-2cd374087a09,Brianstad,"44424 Matthews Lock
Lake Kristinemouth, HI 26599"
