EmployeeID,Name,Position,BranchID
70e29b41-0a51-48ed-9824-5affdb381406,Maureen Taylor,Ecologist,a9465d96-3738-4646-b6a5-b79c0afc5952
c04546b5-0401-4b25-83dc-de4ee7f5d792,Travis Taylor,Radiation protection practitioner,81140fd7-8293-40c3-974d-4549d4218133
8b493d79-5146-407e-b4c0-cb7682fb58c7,Eric Lee,"Conservation officer, historic buildings",d02ab28d-9838-4529-a33e-728ce3699b18
0cf0fceb-135b-48e9-95a2-c0627026c2c6,Jocelyn Smith,Wellsite geologist,c2671503-d7b8-4fe7-a269-69a9ddba584d
c96de3b7-ad10-4a5f-91f8-a4150e7866a0,Yolanda Chavez,Quantity surveyor,d0552c44-f0ed-47ae-88ed-bf9e1948acd2
7fbea29d-c54c-4fa3-b62a-bc1840618844,Katherine Thompson MD,Government social research officer,446c8354-d3cd-4f2c-8ef8-fc44c466b44c
b913201c-44cf-4d89-91c7-5873b525fe98,Melissa Anderson,Arts administrator,770eace4-9c0e-406d-a59e-32e272866f94
59252093-09cb-4b8f-9d77-2eb28476eb2c,Billy Martin,Chief Financial Officer,3c9a863e-33f4-4d40-bfec-7d36dae6dad4
083cd240-63b1-4b26-bdf4-c0ce428ecd14,Taylor Herman,Leisure centre manager,e5e5872c-75e0-4acb-a1dd-dbbbdcba6318
174d7b16-0eb1-406e-a56e-99a58b0929c5,Timothy Carr,Biomedical engineer,8173f69d-34f9-412b-aa2b-9c29aff50adb
b6366011-f33e-4a73-8ace-e1d7cde11147,Joseph Hensley,Communications engineer,6673a1d1-030e-489f-9850-5e8190371059
06cd4589-0809-4479-923b-7658fe383011,Lawrence Thompson,Financial manager,44c42c84-ad68-4ab7-a374-e2b3002c4432
7edb388d-32fc-42f3-bd07-29b71ac18a5f,Ashley Patrick,"Scientist, research (medical)",7068c301-6611-4c39-8639-96914741719f
817c8f86-5395-4a06-b922-875abced69cf,Douglas Zimmerman,Landscape architect,260fbbcb-8650-4c63-945d-85bda57c811a
87594f6c-70fe-49d2-af1f-82f19d306055,Christopher Perry,Insurance account manager,362c60fb-063f-4f74-b31c-1e1229fb9402
82e5434b-adbb-4bfe-937c-65775b7c2fe3,Jeremy Lucas,Therapeutic radiographer,89272741-a416-415c-9401-787743abe632
cfeeb76f-681d-4c7b-9517-2cb559cf16ba,Scott Armstrong,"Therapist, sports",dc7ccbad-5f18-48fa-ad2c-3803eb0b87b0
7937bc94-19f3-4f8b-aa50-b2e92f46955b,Taylor Yu,Environmental manager,078e88a6-8c81-4c31-9ea6-66ee1ba5e3ef
38a6dcc8-0e71-43dd-b96d-210d1a041ffd,Michelle Miller,Geochemist,8cf938bd-f549-4ebf-927c-c10b073c2929
9e57131a-5432-450a-af16-abd296ba0a69,Justin Guerra,Insurance underwriter,2f32129c-9947-4311-98a8-8b239f905499
f1d917c3-225a-44a8-abc5-bca16f086414,Susan Fox,Jewellery designer,d10a0127-8170-4f38-8911-20c9691bd7eb
6f88d69d-f24a-49fb-bbd0-e0fab1186f0f,Christopher Maynard,Dealer,0bf24946-3c93-4b45-866d-d760c52e1345
3990a277-762d-4088-b1b7-7e440bd9bebf,Monique Clark,"Engineer, drilling",dc8fedb0-6bf5-4b9e-a72a-75510fa2ba73
f16aa557-8c27-43b1-8ff3-c89d30408b9d,Emma Lloyd,Quarry manager,ee675fcf-5bb3-40e5-b355-9182422fad64
144a9708-d14f-4584-9009-a2f44fcea870,Sharon Ball,Energy manager,bb8e25b1-30e9-4481-aaf0-12349dfe76b4
7183d558-acf4-4444-ae82-d3c7f2f34c9b,Steven Smith,Corporate treasurer,33fa2ca3-f96b-4039-a8bc-545c219b3701
c9d6de52-ded1-4597-946b-3ca777d7b51c,Paul Henderson,Insurance claims handler,1cbc0427-33a0-424d-b720-378d784d106a
8f4ca099-2450-46b6-935a-52dbc0ae3ad0,Casey Miller,"Engineer, structural",1f691183-cd2d-4ddd-982e-3b52eb80f5cd
943533fd-292b-4644-beca-62646a74b7cc,Theresa Stewart,Historic buildings inspector/conservation officer,130d825f-6a47-439a-bebe-38c0b9a918c5
8b72aa3c-ac79-4190-ab82-df7b80619bcc,Aaron Johnson,Trade mark attorney,9a90bf98-4a02-4272-9c0f-ce862bf82f74
d24440ad-873b-4c5e-8d82-a174e9998990,William Hicks,Chartered public finance accountant,fa03eb89-c493-4d46-af1b-68b4761aeefc
a2a1fb16-382e-45b5-8574-5bc56af379b7,Christopher Underwood MD,Physiological scientist,7789f163-d7d7-443f-81df-6be4923d5bdf
411467bb-3fec-4f0b-bec7-c2fb114e94fb,Andrea Dawson,Press photographer,963619b0-cfa6-4ac8-b37b-6ec8b3f238b9
356a416c-9ed2-4d92-b79c-a1afa7fcfa40,Jeffrey Duarte,Surgeon,b49d54ee-2eba-416e-b220-4c46e747aaa2
a60bdc21-2000-4d4e-8658-eee2e2436f32,Andrea Jones,Warden/ranger,b1a22493-9ad4-4af6-bed4-af92621505dc
39f9b1f8-089d-4cf4-932a-07e498c8bb57,Logan Sanchez,Office manager,cc094903-d6a5-44bf-b291-03c70d6306c1
e31b2003-4f74-4f0e-a89a-5392f90a1c65,Caroline Whitaker,"Psychologist, prison and probation services",a401ab23-ae4a-4aa7-bd19-af2e889ffb3c
40db4714-40fa-47be-b6f3-abd3b0075645,Timothy Stevens,"Doctor, general practice",16d6fc13-7f7b-4942-9f37-eebc213bf70d
6a5cf261-b1e4-4c39-ac4e-ebfde5ee659c,Stephanie Smith,"Surveyor, building",a7b95b90-b642-4e73-81ce-dfb0890b5463
38c79917-920b-4f1b-be9e-9e9565731a5c,Susan Bryant,Editorial assistant,d8a1840e-c6e8-4072-b2f4-d2d8f777385d
8a444708-860e-47ba-92f1-2e794f57f5cd,Jordan Smith,Dietitian,9e18cf7a-49ea-4db0-b81d-88bc46da7533
e39136a5-e57e-469a-a85b-772728e9ea95,Amanda Price,"Programmer, systems",c0d8f1fb-ab8e-474d-98d4-02a8c297b1c3
c470426b-cbc2-4ec8-b58b-fb1d3863b0a6,Mitchell Moore,Early years teacher,84d0e993-6c27-4db6-8082-dade5d5513e5
9d37421f-eda9-4354-a264-e658d3fbd4a9,Katherine Roberts,Medical technical officer,55431107-904e-40e0-ad5c-e4c83415faeb
6f85b1f9-63be-4d19-952e-9b4173635c49,James Boyd,"Scientist, research (maths)",e760627d-4f17-4cdd-af79-bb5cf1bb16d5
5c92d1b7-a01c-4048-b7b7-e1e544f2cd50,Natasha Oconnell,"Exhibitions officer, museum/gallery",8398fb54-e6de-433f-883e-c3bdd3c28110
1fd3b1a8-6c53-400d-88a6-32cb4bd785a8,Sharon Garcia,Community pharmacist,7aa53ad5-161c-4345-8765-1c831baeb7a5
ddf1d289-6b4f-430f-be23-7db1408f496e,Nicole Acosta,"Designer, multimedia",f0786465-bc3a-4986-8bab-828e2350e872
3fb2820c-fa26-4828-8925-12f859dd9b74,Curtis Hill,"Teacher, music",fe4077e6-fb9d-458b-8dcf-902f92211ed5
69c6a057-584f-4a10-9b1b-7f4b170eaa3f,Mr. Joseph Williams,Primary school teacher,0f932e5e-eb36-4307-9cfe-39e06522f4ff
4db32cd5-544d-4896-9562-1bed8dcf4285,Deborah Banks,Clinical molecular geneticist,8a5ba70c-9c8c-4e48-a0e9-ecddd6fc07ce
2b0e6060-7de0-4418-9140-ed68e8c41f1d,Diana Lee DDS,"Engineer, chemical",756427a1-24ff-436f-95c5-076640b576e1
21dfd138-9f56-4780-959e-2cc3962c3d7d,Deanna Brown,Adult guidance worker,17167ea5-3191-4834-833c-a7406794ae72
1521cf6e-0959-4874-874d-da8f3b5978b1,Jerry Erickson,Forest/woodland manager,0c82033a-e50a-47e9-a4f9-987f9dcbf8d4
c5c2a9a0-0d54-45a7-9466-9d39d5509398,Diana Henson,Forensic scientist,89aa605c-b23e-4185-b3d5-43e846b9b934
eebe4140-09b4-4af2-918d-64dfabbbd131,Ian Thompson,Horticultural consultant,5c274278-13b0-4e4b-a2ae-678d7ff79d29
336d14e1-c758-48e7-8693-567261e78c1f,Ronald Burns,Chartered management accountant,ec6b2f48-fac2-4b85-a4c5-0b902ad58e05
e03baf76-2448-40d6-9775-0a0e75ea44cf,Michael Robinson,"Buyer, retail",0fe83d8a-de49-44db-a4b1-ad3992b14c4b
55b84bbe-415a-4678-b21c-310c669c3592,Daniel Davis,Health promotion specialist,7fceb839-f8af-4d0d-bb0d-088ae13b378f
55122aff-fb2b-4232-8767-926b131843f4,Kristine Garcia,Travel agency manager,4777d2ab-f540-43e9-bf6f-ffec2276166e
9e3b5a7d-83ab-4fb4-8dd6-c8d65d0c4a9d,Sara Anderson,Diagnostic radiographer,bda40e60-26b7-4572-b77f-77b1b546f7fa
98f37585-ffa5-482f-aade-0f1990cb37d6,Bryan Monroe,Electronics engineer,43f62f96-851b-43fe-b277-e6e34c1844f7
10b05ef3-eda2-4c82-8297-24296daddb63,Angel Dunn,"Nurse, mental health",f4a22f39-33a8-4e6a-a9f4-e5c53822377c
4acfb878-5858-40bb-8db8-450c61960d1a,Tammy Martin DVM,Sub,0385cb11-3342-4c67-aa56-2c756c05edab
caad5b44-4b69-427f-bfbe-5018e96a79fc,Alexander Bryan,Financial controller,1d0faf6c-d46f-41f6-b55a-b89f34c47bcd
9b0028f9-dde9-43ac-8879-6dbc90afc680,Ashley Nixon,Visual merchandiser,eabdcad0-f010-4476-a9bd-d31b41ce6b77
7d50fb31-84d9-465e-ba2b-fc811870dbf7,William Jordan,Computer games developer,ebb6868d-eac7-4c89-a6ff-08838e4efb91
95364b33-e5f9-43a4-a952-de3413493d0e,Mrs. Kimberly Davis,Tree surgeon,1134a6ce-5feb-4b0c-b7a6-2cd16262d2e6
bf1a0838-bd77-4843-92e5-10e21a7e86f4,Andrea Elliott,Restaurant manager,9fb6e528-e522-459a-a621-ab1217b0c7a4
b3261cba-8d90-4951-8bcf-900728d8d7aa,Kurt Jones,Advertising copywriter,14b56048-e243-4737-a126-b44bc68943c4
16de75fb-5fc9-44a6-8538-666c336b1008,Mitchell Hendricks,Chief Operating Officer,85185797-b661-4bdf-a049-56dafacfb45a
c6286698-8a10-4f2a-a7e2-57a895947246,Tammy Beck,"Research officer, political party",c0c7c897-c3e6-4b9c-a77a-270a14519cae
b4beadac-034e-428e-a9af-bbbd151c5908,Jimmy Smith,Retail manager,3bbd8345-0de9-48ba-94cc-9c498e6d2560
f00fd2b5-0449-4a9c-9899-a60e1d335d17,Anna Benton,Government social research officer,3c2d5cfe-d4ca-4e94-8836-d7a5ec303213
c3b85663-d5ca-443d-96f0-654ec081759f,Mark Duarte,"Engineer, electronics",2b562b6c-3b4a-4954-b34d-0732e08b31c6
c1b7e8da-b554-4b3e-baa7-816d255f1604,Terri Obrien,Advice worker,5a3f4fd1-82a7-4631-9e89-5dd86874e2c4
ee636b01-0f38-446b-89be-80dedd47b8e1,Melissa Thompson,Tour manager,e9d7b711-fba2-4fbc-98c8-3417bbf568ac
49814056-072c-4401-a483-7cf077a084da,Lisa Phelps,"Scientist, product/process development",0dec9419-77cf-4652-9ae0-b6be77f68021
9055c6eb-caf5-4cb9-8513-09198f403ae6,Michael Matthews,Research scientist (physical sciences),c62b69de-ccc6-4d8e-9a7c-dc7292b9a84c
08d0e641-3273-4cf4-bc2c-b95d846b1e9b,Philip Berg,Amenity horticulturist,20861cdd-62e7-44b1-812c-ab86d5035ba3
e5310717-5cd8-447b-ba57-f5062bcb0f4d,Aaron Gonzales,Energy engineer,a2a2d369-65f4-47ff-b764-f1e5705d3e53
e3b980cb-01fe-4da7-ada2-d45edaa1a603,Tracy Cobb,"Restaurant manager, fast food",e3d5a467-df8b-444e-8905-5946b94f67bb
bc4e4702-1a42-4521-a032-8ff184aae901,Devon Summers,"Scientist, clinical (histocompatibility and immunogenetics)",c25df140-a163-4b90-bdcd-7408f7667859
53f65b1e-1a89-4c20-ad52-db3f8c3f0d34,Gregory Fisher,Press sub,f15d0861-7b05-46c6-b22d-34b3b942828d
efa77586-fad3-4675-af5a-85ba9c46f542,Ashley Lewis,Building services engineer,3a431955-d484-4392-b1c6-581e9da14c8c
dab18b25-88e2-4f97-b9e9-66ffa74f0b89,Kimberly Mcneil,Museum/gallery curator,26fb45cb-e208-49a9-aade-a95f88cacbff
5e4ec5d2-d355-4145-8a98-57b467931862,Marilyn Johnson,"Research officer, trade union",a73c1161-5918-4b37-a716-359f9d0b0202
b64cca26-a7df-4054-8865-736964f67045,Victor Wright,Adult nurse,f9705af7-9526-43f3-9e5f-684ff0cff641
275092dc-733c-4cf0-884a-7748a0c0a106,Christina Hale,Publishing copy,4169ec60-fcc2-4005-9a44-a8b1d5911cb4
7a80eb76-cf26-41e2-83cb-aac87ecaaecd,Erica Preston,Site engineer,9c47ae00-314a-4483-8c48-08b10a40986d
8154efe6-8725-4b3c-a21f-e51d876140ee,Omar Mendez,"Engineer, chemical",4e33ed8d-ea5c-40fe-80a5-c22958a97fe8
823aeea9-0609-4c28-ac36-0b0049c35d50,Teresa Foster,"Engineer, manufacturing",9332d46c-5aff-4ebd-a0c1-b0f96ec462e0
8b0710de-c892-42a0-9ff4-d553ce1a299e,Julie Villegas,Bookseller,450cf779-f729-46ee-8f03-b055ad82ab93
9c14ff28-e95a-4b62-a71b-0d774283cf34,Rose Scott,Magazine features editor,9e3b35a9-5972-4ecd-a73a-59f0a648306b
5a7fcf3c-8441-4809-b93f-aa76c8a22417,Sarah Patterson,Broadcast journalist,7ef672bf-127b-4df7-93c2-1791fb45409d
e74c1dca-a3bc-4471-b634-ca8dd6b37171,Lauren West,Building surveyor,152346a2-2202-4b4d-963b-a9de5882bd27
4bd37abc-c92d-4f24-b6ae-93bfb4e4463b,Luis Perkins,Chartered accountant,5a14fa88-a6d4-4e2f-87b8-e8586e28387b
06246adf-c96f-4116-a664-6ad0904dd789,Annette Walker,Advertising account planner,769e93b9-015f-4159-90af-50ae84bb3587
cdfde823-87d6-440f-bc5c-d5e90db56bce,Robert Myers,"Engineer, civil (consulting)",70d5a4d3-aca3-4acb-825b-d69ed31e06ec
2814c685-0e0c-4360-90fb-5164058ebc2c,Christine Moore,"Solicitor, Scotland",2bdbc5cf-27ca-469b-9e07-30699fb6e74d
2c4a18a4-6b87-4d78-bddc-4f29cdb0776b,Michael Thomas,Systems analyst,d72f61bf-af39-419e-a73f-f29c9603ba42
2170dc94-f2f1-4859-9e45-b714b3b9f640,Lindsey Reyes,Broadcast journalist,8c6fbfeb-3722-46ba-8b84-b0f1c010f65e
69c00053-6a4a-45da-8c85-2a0ae0f355c4,Christopher Larson,"Presenter, broadcasting",2705663c-53be-43d4-9a06-ff85d07e40cf
af79f9da-ebb9-4a47-80dc-13472b57623c,Kristina Melendez,Broadcast presenter,cef3fb59-327c-4b84-b6b3-a3e3e21ff101
18438bee-7c1c-480e-a9b5-eb73b0d6bf69,Jordan Bennett,Commissioning editor,90d524ab-0c3f-4b49-b76e-81dc455dccf6
47171527-d253-48bc-adde-a641ed371188,Erin Sanders,Structural engineer,d773382e-1bcb-4b4c-afe1-a1618b5c3d30
e2faace1-7056-43c0-89fa-897070b4d43e,Jacob Lindsey,"Therapist, art",2c75b46d-5f9d-4320-a98c-03f0e585884d
1bd57861-adb9-4303-ab36-6be02db10614,Dawn Valdez,"Engineer, electronics",9cb50392-8c57-4871-9b3b-fd51dd6f3604
fe54d695-f6f4-4eb7-9261-30b453dc4915,Stuart Krause,Ecologist,f6e74bb1-6ca4-420e-96a9-9d9763c9543b
fc6ee1b2-c686-4ea0-8119-d2046f2d7622,Crystal Young,Furniture conservator/restorer,ce7c84c0-0fa2-4c39-92a9-0887364781a5
97d32d66-e575-4ad7-bd4e-ea1b5be65583,Dawn Garrett,"Journalist, magazine",d3ac9f5d-9c8f-423b-b9b0-f2638bbb3f67
74b82746-5ad2-4a98-9eaf-83063d973e41,Michelle Bond,Environmental manager,831e0624-6bce-4513-9f1f-45cdd5ccf142
bd9200b1-2b7d-4365-9932-45aba48af724,Justin Preston,Diagnostic radiographer,456a6fb5-1949-4a89-a121-7bc896764ca8
65d6f185-3268-489e-a809-0ac4b204752d,Belinda Wheeler,Dramatherapist,aa9edcd9-a140-42aa-ae8e-3cbdf414b422
7338da2f-af5d-4033-935f-2edeceaa27ee,Melissa Garza,"Doctor, hospital",e2ce7210-fbb8-4508-9d66-aefa7f7ccfaf
480d10f5-48ec-47a9-a5c7-256144f548d1,Larry Hughes,Further education lecturer,b61e0857-edc9-40b8-834b-5ae60454bdf1
c956b8e9-94ec-419d-b29d-77776858310e,Tyrone Richmond,Fine artist,360abfd3-e61f-489f-9e1f-b384bb55a8cf
e64cab26-7857-4047-b9a6-d6d0723f27b6,Curtis Johnson,Health promotion specialist,bb1c3b6b-1962-458b-a874-3cf224f75ff3
389d3f8f-92e9-4f18-9150-0003c6055649,Heidi Cole,"Pharmacist, hospital",1ffb6165-7a26-4107-8294-17590a6efb53
0d932f30-8520-4ffe-8a89-9ac75523b807,Robert Roy,Television camera operator,28eb90f3-245e-479f-9891-fcefa5009b0a
a433e3d3-3c88-466a-97ad-67d12609e94d,Jeffrey Hess,Museum/gallery exhibitions officer,e1576b1c-4764-4780-bb0a-e058107feb5e
26cc6807-e01f-449b-9b58-239e568dc56c,Franklin Beck,Museum/gallery conservator,6ccc3869-3652-49c7-8386-6a6692065955
e8032f45-f1c2-4afc-9759-fe2bd9057d88,Shaun Wilson,Scientific laboratory technician,6d91ce97-69aa-4d45-9408-0aa65225d29b
1c43b73d-3ce9-4575-b400-dbe856bc9d2c,Larry Pope,"Psychotherapist, child",112d722e-2816-48ca-908b-165bbe09eee7
e5722232-3aa8-4e93-81c1-bf84e37309ae,Cynthia Castillo,Industrial buyer,a9adca7c-0233-43db-bffe-b9db92180e44
ea714a22-9c46-4593-badf-09d2634b5812,Cynthia James,Technical brewer,054f9ec6-b323-468e-8e7b-089ebf2f51d5
e86fd1ca-58bc-4a34-a91c-d243f71a8d6c,Kimberly Leon,Sales promotion account executive,d7b0bfd5-d3c0-48eb-9356-5886eb8f7e49
0d0e2a9e-ef53-4da4-b1a2-d8133f571dab,Barbara Nicholson,Private music teacher,fcbe053d-fc4c-470c-8563-8405ab4b6624
25c517ea-7f95-4771-b5cb-8ea5f996970b,Roger Wells,"Teacher, special educational needs",36bba35e-4208-4438-99d4-c66a064b426c
cdce0ab7-eb80-4552-b497-d6fd60deb44a,Melissa Page,Immigration officer,ef8bc744-e6fd-460d-91cf-22228a6f39eb
b826ade4-7132-4654-b920-cff9c79cea87,Kyle Pearson,"Therapist, drama",71a2a1cc-e6fb-41ca-a52e-fb068c54b926
498aadda-4268-46ef-8fe4-ef40718ca817,Laura Bond,Fast food restaurant manager,41436a97-6924-4525-9ace-59d543e58dc7
0c003871-f5de-4130-ac20-7a9f784dea78,Nicole Conley,Mudlogger,ab4903df-7f71-4252-aa9c-d0a3d24883d3
e0d2e690-3700-402c-97e1-14506adc0a5c,Tonya Compton,"Psychotherapist, dance movement",da515afb-a10b-4468-9af8-bfc37ea54a92
cc01a502-6ffa-47c7-82ed-52073e407a79,Ruth White,Civil Service administrator,8d4767f9-92b1-4efd-b80c-e44510978912
e89c5822-221b-4b37-b259-470be759aa38,Gerald Zavala,Television production assistant,ac653005-0d30-4161-8cd8-2ad85252c4a0
6c6fcfab-939e-4e75-a9fc-549dd4f296d3,Stephen Brown,Health service manager,e25c56f8-95a4-4ceb-9ff9-77b1af6adb3f
df5a1457-786c-49fc-9ac1-467b531feb50,Tara White MD,Firefighter,f1d6aa26-8902-4375-a66a-dd5f80839cf5
9d9c4839-c76f-4e95-8fea-aab9052f5163,Randy Kim,IT trainer,41365f83-fb2e-4909-91d7-9af5297308e1
2a9f14f2-ba6d-4c31-871f-842d4d3a1873,David Webb,Publishing copy,5592ccdf-029a-4fa8-a6bf-62fda9549aef
c10a8a2b-4ffc-4280-9601-f9001176853a,Susan Smith,Location manager,713c77a2-3b17-471c-b56f-7ee8c758ff30
27f682d7-91be-4c4c-8961-13fa39a64b13,Johnathan Bautista,Make,11fee092-81f1-4ce5-a787-51e9d127cae9
ece70470-ee64-4fa4-8a8a-091ae382af4c,Karen Chapman,Print production planner,8e396a19-02c2-4194-a6ba-08b1acdd3cbe
ec8edc71-5de9-4263-80ca-e54843d783cb,Maria Page DVM,Information officer,63768561-4d76-4f0e-855c-33d65369e677
3a52804d-9bd0-456a-b604-0e1bb2b864bf,William Sims,Camera operator,78751d92-aaff-4924-b0e1-ada4770b9021
5b9eeb8a-de23-40cc-a693-9dff55a25e57,Christopher Hodges,"Runner, broadcasting/film/video",a652ae08-492f-4d51-8b7c-becdebc988d6
450a6470-cd38-4f9a-ae61-e75dbfda2f88,Sean Hudson,Chartered legal executive (England and Wales),6d466940-9014-4ab3-8b9d-f8e0762f7533
a418506a-7874-43f9-a67a-572a0252aaa1,Andrew Dominguez,"Education officer, community",ea7f28f8-14c9-491c-b1c6-b814139cfd41
065fdaba-9904-433d-80b4-9465766a4a08,David Olson,Diplomatic Services operational officer,47f2f5c2-b0c4-4896-95d8-1717150dde29
9493d315-6e93-497c-add9-6f7532f7e061,Lori Hardy,Records manager,93d504ff-f7d5-4994-8576-af35b3b29e55
ddbbff64-7e72-4c23-9f59-06632a89341a,Pamela Williams MD,Publishing rights manager,048e54fc-5377-4b79-9f7d-f27a45cb5341
ba892fc0-0ef5-4bae-8893-50d92f95cbe1,Brandy Ellis,"Conservator, furniture",b4a85a54-1a88-46cd-bca2-d62b8b069fe3
b26c3e1d-3896-42ef-b6e5-fe07ed2c3029,Stacey Young,Legal secretary,342c9b72-f57d-43d2-82af-1934170431e6
8548a1f3-b29f-423a-bcba-3d3030b238d2,Tracy Torres,Air broker,17ed90c9-9c5c-4039-95f7-5ece675cf666
56236d11-3ee5-4622-af60-4c0e8093f0df,Mr. Christopher Williams III,Advertising account planner,139a3312-4f54-4c6b-a5fa-c7e8c6a944ca
fcc0f205-437e-49ab-841b-518bae19fc50,Daniel Hughes,"Engineer, structural",69664ad8-bbeb-4a80-8374-879903944e85
f2fa45a4-5e15-48bd-ba65-43dd3f543696,Larry Weaver,Passenger transport manager,b3e74a28-a3e4-4edb-b3d3-23f5a09fe03f
5b6d0390-3fcb-47db-8095-4d8c5f378773,Kelli Rodriguez,Homeopath,59770176-774b-49c9-a562-c5e46cef6463
76e4b11f-1c66-4436-bb6f-1b5fd1111bcf,Amanda Robinson,Psychiatrist,341fbb16-ca55-4560-872a-b826fcd5106d
23077a3d-b8ea-4509-86ef-6a3e692009f7,Marisa Reese,Transport planner,8dd5fe35-01ff-48f0-a625-bcea80db109c
ffa6f3f3-5c77-4000-b803-273757d69353,Jessica Phillips,Newspaper journalist,9e666862-9dee-43b9-aee2-3995bbe9b963
730ad910-4edf-414c-ac63-084455121c13,Michael Vasquez,Air cabin crew,d4b47532-e18a-459c-a8ef-b0fb889d1d21
49f25ac0-4cb7-4d3f-bed3-9c5f4154024d,Kenneth Lowe,"Restaurant manager, fast food",62ad1f0d-72f1-40e2-8c69-c0a64d80a369
8fa0cd36-e67c-40b4-a96a-72231a28eab7,Daniel Thomas,Graphic designer,65825cec-70f2-4d9f-849a-fd3200dcab50
dd2dc202-daca-4a0d-82e7-9856e2e901d0,Erik Kane,Banker,5bd462f8-e0cb-48cc-8419-6bbb46f7fd41
a8c9fdd3-0955-46b3-aaac-5f91db558555,Elizabeth Thompson,Merchant navy officer,93129943-9337-4045-a330-d3be18ac20bd
338304e6-1c8d-4c2f-a251-0f7e8b35e955,Lisa Jennings,Chief Marketing Officer,a7a8341e-86b0-466b-a410-69f9b6bbc1f7
1fea8b35-dfb3-42de-9fd1-53871826ec49,Heather Fitzpatrick,Estate manager/land agent,db9f61fd-019c-45fd-9a16-03a0a2faec77
18325c43-b558-49b0-a801-bbcefa279db2,Vincent Watson,"Designer, blown glass/stained glass",9dc2045f-78f3-46d3-ab1e-82371fa9b151
c5cba3cf-7598-400a-8467-e229209d8aca,Stephanie Ramsey,Financial trader,d7387535-4a8f-46c9-8523-ab47c23cae29
2837f143-c453-4a9b-a41d-c61b2b5d80df,Laura Navarro,Writer,f54e56ef-a8e2-4773-88b4-a9c26d4fe8c8
8319c976-3251-492e-8816-85e4be1149ce,Joshua Gregory,Health and safety adviser,31b5bdfc-e21b-4a52-b71c-1f5b8e4d1657
7d3dd9fc-6fc9-47b6-a59a-61566c6397dc,Deborah Hardin,Armed forces technical officer,2fea8421-ef59-40b5-a663-22c30d9abaf7
e66b5ef9-9849-4c54-b080-ccc4e7a08b2b,Tonya Carlson,Catering manager,1ed37d31-bc03-4e1a-bbf2-dc77ace1fa5f
24b6808e-d7ee-4641-af8f-ee46b71e5cce,Christine Austin,Retail manager,d2a82daf-26ff-4e9c-ad00-9224ead6d2b5
7f751430-36ed-4e83-88df-fec960efbc5f,Gary Sullivan,Make,2067dea3-c4de-438c-aaa9-b7866bc6b993
0b322274-fb20-4d56-9bfd-405f3df01110,Erin Diaz,"Psychologist, educational",30148a9d-e5fc-4f3d-9295-d50eef38e662
b3da2dc6-d468-4daa-9227-3e9422a35e77,Eugene Moran,Field trials officer,2423be81-3310-4dea-b37e-1887120d986e
58c54345-bc09-4a0a-8362-333dea19d558,Tony Carson,Advertising art director,9c19fb34-8970-4581-b6f5-bb9ec3dea587
cc9ef0bd-5b2b-459d-980c-000443d4d82a,John Perez,Control and instrumentation engineer,ed9f570f-37e3-4a41-9f2d-3315bee84274
82a5050f-a25b-4437-a8b1-6677ddb9ede3,Jeffrey Valencia,Amenity horticulturist,3c57c68c-d4ba-407e-a1a3-d86e07e38b41
b15da65d-c04b-4a53-8240-c02aeeb1cdc9,Rhonda Miller,"Accountant, chartered",53b1be23-e522-49a0-92fa-442b2361358e
4ea573bd-f5a4-405d-9708-5f7c361a63d6,Shawn Ho,"Engineer, building services",9af1cd9d-da5b-42bb-a54d-d50b33079b47
afe4f15c-9008-4b12-b074-6c7b4d0213ec,Antonio James,Lobbyist,acc37778-40db-46dc-a8b0-d0cec605af82
823add77-6899-48e0-b5bc-b276cbeb9752,John Reed,"Therapist, nutritional",c5fa16e7-1fa9-4215-a9de-309d741cf7f1
489a0f49-5fec-4327-b5c9-0dc118f4ca5d,George Chapman,"Engineer, structural",54343e95-f701-4ede-ab9e-90d535ec62a7
eef8819c-0d09-4c62-9d5b-d85daa7139e9,Amy Davis,Barrister's clerk,98d4a710-ff3b-47fc-af3d-0aa154bd2540
3b014263-7329-4c20-8caf-1a003f2b2663,James Woodard,Industrial/product designer,52bc5459-39ff-4377-b1f9-c23ad9c63aac
022fb302-5067-4f83-a238-f782447594a5,Randall Christensen,Contractor,df9fa6a4-613b-497d-b452-b165f0a944be
ccf4ec00-124b-487c-a541-6819d12b2fed,Brittany Mills,Dealer,d2a361ac-c83a-4010-86af-ad5557ca4679
f23eae51-3b91-4b4f-8680-2eab2d462152,Jordan Cobb,Facilities manager,9d9b4d03-49c1-43ca-979a-d9576e4a16a9
fc46c6fc-fed1-44e2-a197-3b1bbb89e42a,Jeremy Duran,Multimedia programmer,7dfe6aa8-18eb-4c68-9799-8caebb616057
c98cc378-8137-4e66-b933-422e08abf91c,Kenneth Brown,"Pharmacist, community",a5e3afcf-a9e8-4d55-a75d-482c893285f2
81f904df-021f-4f23-ac4d-3c8ad36081d8,Lance Hicks,Broadcast presenter,5f47803f-8bfd-4ca2-8646-0555a7263b87
cf1a7914-e3ba-4cdc-80c7-7eb89959d129,Julie Wilson,Engineering geologist,86897844-0d42-4bf6-9158-a13ccca61665
f3e46a08-a1e6-420d-83d7-24389a206cff,Suzanne Gilbert,Physiotherapist,43aa0ac1-a82a-4237-8997-79f195db029a
59121b3a-4db8-43d5-b815-2b238832fbd5,Dennis Thomas,"Scientist, physiological",8bea1420-f6b2-4f49-90ca-8837ed8d7ffa
71c0e15f-d0cb-46ce-94a9-e466b7b8ae03,Robert Moore,Insurance account manager,30e556c2-8934-48ee-ac6b-776b7a7d7897
4b9ef997-0310-40bb-992d-632e1958019e,Beth Mullins,"Surveyor, quantity",6e23131f-ed8d-4b98-936e-c6e46d503d68
b7e98313-3374-4f8c-81f1-109aa19464ce,Megan Johnson,Accommodation manager,5274ca71-163c-4dc7-80a0-6b00e5c19d60
