CustomerID,Name,Email,Phone
7cfe7828-0d94-442c-9ebc-1dfbc86794cd,Justin Beasley,heaton@example.com,+1-334-812-1930x8119
8d7abe24-9d0e-46e8-b23f-a3024e3821c6,Jenny Porter,jodylowe@example.com,(867)752-0432
f213630e-ca96-4f2f-89e4-646ffa584f26,Linda Mueller,wharrington@example.net,+1-782-368-3922
78f0b4a4-6df2-4567-99d0-1390568017bd,Andrew Thornton,cynthiaarcher@example.org,+1-561-557-2320x0494
f8de0972-8486-4c3e-a72b-942831674dd0,Jason Scott,peterdrake@example.org,(801)918-8445
82c1f24a-1bc9-41bb-a8ca-cb6740b80dda,Olivia Stone,martinjason@example.org,(476)802-4075
4e296e51-958a-4c4d-9852-1f6cd22c2d50,Alicia Duncan,blackburnerik@example.org,001-444-766-4166
cf6a1e7b-1d86-4359-a905-f45dd0f00fb9,Chelsey Ewing,lewiskimberly@example.org,(790)642-3634
a8d1aef9-11ad-4149-bdc6-cd41bf316ff0,Ryan Phillips Jr.,jthomas@example.com,964.204.0157x34884
1264288c-c410-4a4e-8bb7-d7d6f904f2a4,Jessica Wilson,robert35@example.org,001-363-640-3400x701
a2dd87f6-721e-4889-888d-190322295b28,Lisa Harris,melanie06@example.net,830-772-8937x544
f255708c-bf5c-4a28-81fe-3184a8564b34,Christopher Nelson,ldavis@example.com,+1-794-611-2355x59704
4137a715-8464-41e3-8cee-e118cc499a21,Shannon Mitchell,glawrence@example.net,(716)446-4883x9288
b1ace753-f639-4c7a-b454-1ca6d4f91552,Catherine Doyle,jerry80@example.org,5157642777
f5adf83c-5cf0-4ee3-a5e5-430870f1cbe9,Brad Chan,davidjenkins@example.org,3438956689
d22525a1-0799-4747-a4d6-5f8d9e8485f6,Jessica Stanton,blairsarah@example.net,7692539926
660fa547-c351-40d8-aac7-7dac03319405,Catherine Stewart,saundersmichael@example.net,(337)765-9738
84d5bfa3-2dd7-43e4-828a-7e9acfc682bd,Caitlin Hurst,kenneth30@example.com,2118304319
e8134e24-ee7c-4f89-a55f-5d1f7e521cb7,John Davis,barneswilliam@example.net,7877951273
74f0a87e-0581-4bd6-a67d-46b066e5fa94,Kimberly Thompson,xromero@example.com,398-858-0182x421
a84dc681-b20f-4ec8-b340-1636600592ec,Ashlee Jenkins,mistygriffin@example.net,685-992-4946
1cfe0a3a-4b25-411b-9268-b55797c7c618,Melanie Small,lsmith@example.org,(474)522-5016
84f0cbee-4c7f-448a-bd7b-da7f9fcddbe2,John Chase,keithjimenez@example.net,001-442-284-7502x2392
ed605196-01a9-46a9-b059-c48550dd7b8c,Dawn Jackson,heidi58@example.net,(695)474-0170x982
288ae18a-900d-4a52-b446-41151e3106ec,Joann Mcdowell,theresa65@example.com,281-671-0160
a21fe6c4-11b2-4855-ad3f-14a6373fe55c,Tammy Welch,bthompson@example.net,278-637-1954x8483
fa1c1d5d-db5a-4efc-bb56-e96e650c908a,Kimberly Tucker,leahcampbell@example.org,001-279-275-8031x75026
e3556d00-57b7-4218-8637-ff615af9830a,Jessica Hodge,brettshepherd@example.com,001-234-613-4626x126
68dc0cd2-a378-4737-b8f4-059f03534c3d,Nathan Bowman,maciaslisa@example.org,381-390-0830x703
872d9dd5-dda4-44fe-8410-2992a9bf9679,Henry Brewer,william26@example.net,215.749.2865x2653
862e51bb-f4fa-4036-b807-8437e9310445,Katrina Mckay,bgraham@example.org,7937402779
ce09d09f-1db0-4f6c-99cf-7f8148a17eee,Bradley Juarez,tracyriggs@example.net,(562)544-0066
304f9dce-9ba5-450d-83d2-9f99a4036e50,Leslie Daugherty,kariking@example.com,001-599-975-2761x29789
289cc2a7-6ce0-4e4d-89ad-9347bd9139ed,Christian Hardin,annettefletcher@example.net,301.759.1849x05946
f163f26a-c470-4c2f-a0ac-323bac068696,Alexandra Campbell,lterry@example.org,462.760.6296
6cdd85a8-18c7-4f21-aa67-88fa5b60fb85,Paul Burgess,elizabethprice@example.org,001-491-352-7396x10477
2de1a30b-63ce-421b-b07b-1ee5b7692737,John Fields,paul65@example.net,264.765.3158x2425
0ed0ec8f-065f-410b-995d-2d4e13276f48,Mark Vazquez,elijahrobertson@example.com,7348271151
00fff855-e25a-4a90-a8e7-d92a92ba440f,Bruce Brown,shannonross@example.net,001-597-515-2699x0895
dbce8c5e-82b2-4890-ae8b-484ad38fd459,Alicia Brown,cummingscaroline@example.net,+1-993-568-6088x8401
093216e1-02e5-40dd-9761-4f7897fd47c2,Timothy Ruiz,annbernard@example.org,+1-898-888-3937x2564
009e04f6-b415-4db1-9ab0-46655356ef65,Ashley Dawson,zimmermandonna@example.com,940.205.4267
dccb238c-2248-46af-b3df-d9f9063485de,Jeffrey Barr,hicksjames@example.org,346.667.6419x69979
277ba810-c028-4b5e-a1dc-0164a095d3aa,Brittany Barnes,gabriel84@example.com,+1-239-847-0675x1139
28aa9546-32aa-4a17-b07f-837023447f81,William Hall,stoutmatthew@example.net,237-302-5492
cf899f60-7dde-4974-91d5-2af9117fe0f9,Amber Stone,wendyburnett@example.org,424-567-3462
4c1bd420-b279-49ef-9047-389aaeeb6f34,Jason Bryan,denise38@example.com,524.235.0173
392f494f-2da8-453f-885c-6fa69b332662,Javier Dixon,ashleywarren@example.net,(709)561-6991x7987
9ffd5962-8844-4af5-accf-e155e56da12e,Heather Morales,jonathanthomas@example.org,374.852.3246
dcd2aebb-5220-4d6a-983e-db04c8dabf20,Lisa Ramirez,loganjennifer@example.com,001-267-608-5564x327
2dd94439-fbc4-4477-b5cf-ee5f86f837cb,Stephen Cox,rburton@example.com,4467271291
5d836697-4a66-42ff-a808-48a34ff64786,Michael Wood,ujohnson@example.com,+1-399-913-7668x65917
41013019-8d94-4cab-bf6f-b5dd92e2e419,Jason Shields,joseph00@example.org,+1-677-530-0392x174
db0c4fbf-4bcd-4778-b076-7f0da6bd11a1,Michael Robertson,jerrylarson@example.org,3616898979
fb352d1b-2eff-4029-8775-cad88fd643c2,Eric Everett,uvalenzuela@example.org,(373)205-7078
0270ed2c-6873-4627-88e1-aa1b30d5d055,Jordan Cruz,tiffany53@example.org,675-769-7465x38053
a3c8778b-31cb-491a-b0a8-a2cd40ae3fc7,Kathryn White,christopher52@example.org,+1-963-357-7732x08468
1640b401-b05a-4eb4-961d-47d4239bedf5,Amy Snyder,michael30@example.com,001-519-488-5068x167
11821448-f3a6-468d-b85d-d44c784b69c9,Stephanie Mitchell,dcooper@example.com,(663)683-9725x72567
4ba02f48-aa4c-454a-a2f7-49e4232bccb6,Aaron Freeman,zacharylopez@example.com,258.984.0457x00214
923631a0-7ac2-477f-bcc3-a5b151d788b2,David Daniel,marcus00@example.org,977.958.7946x3027
ee5578cf-60f3-4877-8173-3ecc2642dfe3,Robert King,linda69@example.com,530.435.6718
1074c319-ce4a-4cd1-9d2f-2dd9fedd3215,Bryan Hawkins,jacobbrooks@example.net,001-445-362-7047x539
03877374-93e6-45dc-9f72-26f57150f3fc,Jacob Sandoval,reyessusan@example.com,001-945-824-5664x57404
7fbfedb0-6be5-4f93-b664-2cc4928b7bff,Timothy Davis,vicki04@example.net,+1-727-726-0142
a0824493-3077-4b11-8c2a-06e4be53623f,April Shaw,fhernandez@example.com,001-772-205-0813x836
31b7e950-cd99-4c16-bea0-aa6009c173af,Anne Norris,wallacejohnathan@example.net,+1-763-442-6912x8527
8599c3b2-588e-4486-bac0-8c95e9e9a0a0,Debra Hill,garyherrera@example.org,922.831.3356
15f2ed46-f84d-4a1a-af34-498f7af3a6df,Paul Rodriguez,michael98@example.com,824.526.3177x451
a073c139-95e4-4c71-ae95-2e312fa546ec,Nathaniel Gross,heather01@example.net,(727)255-6526
66ead6c8-b82f-4f20-a09c-ec8c5df293a7,Michelle Snyder,briannasimon@example.com,+1-588-801-6485x42660
b9478b70-3e39-4c18-81e3-21dd8b5dc2ae,Ricky Reynolds,frowland@example.com,+1-675-804-7702x9490
5f367d98-e24d-4253-b619-190c6b4cf1ed,Travis Merritt,catherinealvarado@example.org,001-755-587-6194x9784
379df6c2-413d-4b2b-a035-cbf9813cfa35,Linda Carter,katie90@example.net,505.322.3407
45a0714b-5180-409d-8759-724dbf3cc830,Jacqueline Marquez,armstrongstephen@example.org,(496)769-2288x849
9420a239-3d40-475c-9d7a-17db8777cb9b,Jonathan Lopez,orozcokimberly@example.org,+1-360-820-1725x73339
26e62114-2ccb-4c79-a8fc-41c2c4203ef8,Michael Gomez,thomaspaul@example.net,994.979.2121x4823
5119d984-30a9-433d-b169-08c2c740c867,Dale Mccarthy,ralph95@example.org,642-496-6649
bca05c16-6f97-4c48-8b8f-079e087d2cfd,John Smith,sergiojones@example.net,330.929.8895x31793
db1f6a1a-198d-4ea4-afd6-f51326c560d9,Kathy Parker,kathylee@example.com,+1-240-370-8885x0889
776ceb6d-da60-476c-9239-96be83ad8a5f,Stephen Mitchell,mdean@example.org,001-492-254-6505x19938
fd1de3af-92b8-428a-a03e-678184222865,Casey Watkins,david28@example.org,001-797-255-6546x3185
b015e327-2417-46a3-ad4d-5b5d9aa3c75f,Anna Flowers,mullentina@example.net,722-582-1389x27067
16a95141-5234-4395-9d8f-67dde640f72c,Elizabeth Gonzalez,ryan07@example.net,401-795-6593x4546
b7e0e40d-6181-47a3-9fb8-a02ee212a961,Jerry Sanford,andrea77@example.net,(916)783-2501x84965
4063db10-24cb-4207-862b-f83748a25f48,Whitney Andrade,michaelmora@example.org,(769)488-0194x124
f073ce5b-abbe-4c5a-884a-53e402fe896b,Donald Carey,jefferyperry@example.org,603.479.3817x4114
08c2c59d-04a4-4460-905a-b87a12576923,Anthony Zimmerman,udiaz@example.org,8474721826
60ca9b54-b93a-48dd-b171-93234e1eb577,Matthew Romero,franksanchez@example.org,+1-882-414-9007x0689
f56a649b-8e8d-4fab-9cca-d949fb3220c6,Amy Wilson,kellysanders@example.com,898-259-9300
55a3cf73-3e86-433c-92ac-6ea9f5fc8ac3,Raymond Stephens,woodcynthia@example.com,001-531-612-2026
718f8e62-2e34-4534-b1a7-64c158e3b633,Whitney Taylor,dennis71@example.org,+1-965-299-4531x2237
1c564f57-30ae-40ee-b8fc-26e7b2c90835,Elizabeth Andrews,angelicawilliams@example.com,624-249-0080
ecdfbb67-c6eb-43de-aecb-650c2d1bfb52,David Cobb,michaeldoyle@example.org,4567369636
96fa7f66-28e2-4b6a-81df-2da95badcca3,John Hansen,carlsonbrian@example.net,+1-458-419-9022x20364
f7cfb181-77b1-4b55-9262-be9d4a19aaeb,Megan Sherman,rjohnston@example.com,950-757-2259x5769
fd49b0c9-d847-468f-83ac-a694d409856c,Mark Davis,walterscatherine@example.org,7228555571
324df7ab-1d5f-493d-8e98-40a7a32a4ef2,Alexandra Lam,clarkjessica@example.org,686.296.8346x83635
ee513f62-c06a-4e9a-ac1b-5986101986d2,Mark Greer,qdavis@example.org,(587)510-3076x67858
55cebb77-6601-4211-8472-831ad31ed6af,Elizabeth Benjamin,megan08@example.com,4169809632
5fc3cd99-1f66-4bbd-9bcb-1bbe69d33e69,Ashley Wilson,amber36@example.net,574-236-8962x247
d9a38e4a-6b13-46a3-9cdf-8c6960e995d1,Elizabeth Mcmahon,melissa69@example.net,001-301-861-0064
3879d4b4-7a55-45dc-96ae-fef2562ce353,Aaron Hill,uwalsh@example.com,+1-960-742-7252
5356e194-3f9e-4225-81b7-c5a70c979c51,Corey Montes,walvarado@example.net,7444427819
bf30b19e-6c9c-4692-b1dc-fec358c9a93c,Kayla Sanchez,rosetamara@example.com,(204)803-6863
93e29484-5b06-4985-a593-3d578a12bc37,Barbara Ross,pyoung@example.net,3365234482
74c5f092-b6e4-428c-912c-1a65cf435e75,Marcus Rodriguez,watsonmelissa@example.net,+1-356-696-8971x479
c8ee1316-9a96-474c-a193-d6dd602ca9ac,James Mcdonald,elizabethspears@example.org,4864753689
94b766c3-916e-4380-868c-06841ceb56f4,Tiffany Warner,erikcannon@example.net,5189238778
7b84d2db-3f07-4bde-87fa-2931e1ab501b,Jason Petersen,fosterleah@example.com,2593210358
8cf531ab-dfc1-4c47-9c30-cb9a4a1b3633,Taylor Glass,danny16@example.org,+1-386-975-2227x92647
5733907d-b394-40af-8aff-a54a8889adb0,Ronald Lynch,nkelly@example.net,862-714-7500
ab88c898-3b37-48ca-a820-9729d5cb23da,Ronald Miller,carrollnancy@example.net,252.846.4551x39701
6c61a8d1-71d5-4918-bea7-eeb7c6fa9101,Sara Harvey,janerichards@example.org,+1-322-443-1208x25151
dc552513-cf4f-481a-88c1-d6e0b593242d,Paul Mckay,rtran@example.net,520-499-2632x6593
dc3834b9-bdb5-421b-bd00-2d354e1710e9,Dawn Wu,bennettchristopher@example.org,(233)235-7789x253
edd6bdc9-57fb-4c9c-bffa-e6a60a969c69,Cory Delgado,andrew36@example.net,(809)709-9243x5276
49bf37ae-23b3-4339-b8b0-fc37b5498e3c,Audrey Mullins,perezapril@example.net,345-715-3422
de00182b-2c83-44e2-bb15-3f142ec75e35,Gregory Peters,pamelamolina@example.net,+1-343-302-8611x4438
89733826-42b7-4c4c-8ec5-50f5b945b448,Nicholas Kennedy,amanda02@example.com,(889)705-2209
04b7ea92-6b0c-4720-811c-e506d2aa0f39,Preston Anderson,jsolis@example.org,410.528.7365x44559
9dff800b-8e97-4520-aaaa-6627518e33ee,Sara Fisher,staceymyers@example.com,875-203-1959x4413
c3bbcc36-107d-47fd-9752-003f3c9abde6,Daniel Barron,jason92@example.net,7517002497
de29426a-72ff-490b-8979-89d7e24b155f,Janet Rodriguez,utanner@example.com,+1-929-361-3068
175553fc-4cf3-4aca-97e0-88d4f7f92d08,Katherine Anderson,pjohnson@example.com,+1-239-423-3269x7532
af850702-8a4a-429d-9a6a-98bc129ffea9,Jennifer Love,anne31@example.org,(675)549-9125
a618c92c-7765-4404-9e13-f6c66b812a0e,Ashley Harrell,qcastaneda@example.com,(964)705-2068
d631bd9d-7e29-4be3-b3ba-f4664ad911c9,Kimberly Rodriguez,albertwillis@example.net,265-825-9430x1222
4bc90330-f69f-4375-9ab6-1c300256d42a,Nancy Matthews,sean80@example.net,001-648-767-1597x4267
537ec30e-4de5-4954-bf88-08e562f566e7,Dominique Christensen,torresjustin@example.org,+1-637-478-8682x4625
c86f3aa5-050d-43b7-9ee5-2744f4690a1f,Sabrina Phillips,teresajones@example.net,(440)382-7224x681
0e7b7262-1df2-4a8d-a1ff-a37117f12915,Luke Galloway,kkline@example.com,+1-789-614-2184x140
223c1087-d80e-43e8-889e-56db1eb15b86,Christopher Martin,zleonard@example.com,341-237-7565
613b511d-f20f-4827-bdd0-36566bea6773,Micheal Valenzuela,castillolawrence@example.net,878-970-1119x132
f7568a6e-0a24-43b6-8812-01906be44a0f,Austin Caldwell,natalieroberts@example.com,(409)721-3227x4632
2a8aff39-2852-42d2-8d96-e75f45592a4c,Kelly Knight,lynchjoshua@example.net,692-470-6277
7c2d83c8-456f-4cbe-8fdb-277cefb97057,Denise Madden,rrichardson@example.net,334-332-4482
be2edd19-2663-4996-8198-45e7d81dfc46,Daniel Williams,josephpalmer@example.com,(717)881-5511
14c022e7-4b26-4267-9792-c8e0d07ba416,Sarah Sims,djohnston@example.com,001-945-862-3574x326
b1e5f5dd-0171-41da-a803-0c35e7a1da46,Roger James,phillipskristina@example.com,620.829.5738
7808956d-1a07-46cf-b99e-03ccb30c44e2,Sara Green,tara81@example.net,401.370.6513x81860
0845054c-abdd-4a80-a76f-573be8190249,Kevin Ferguson,andrew54@example.org,(472)581-3755x29388
fdba450e-3cb8-4aa8-a3e0-78e5f0506b0f,Shannon Martin,jenniferfisher@example.net,001-560-324-0952
cd8458ce-ab11-48aa-9227-42aaed54da54,James Guerrero,jjennings@example.com,001-836-469-3369x423
c98a3fbb-d4dd-4d17-a7bd-751c9dad3305,Vincent Woodard,romerojames@example.com,+1-673-926-4994x202
93a3ff3e-8782-46b5-a629-f1963e2503e3,Craig Bradley,flemingbruce@example.org,001-308-952-0072x73657
50a50c8c-8aa6-4b86-89a9-11857fffa251,Taylor Green,jenniferalvarez@example.com,332-584-7083x145
0fa81e85-0b04-4f0a-bf91-b4f227af124b,Olivia Perkins,knavarro@example.net,528.642.2478
c1e9e856-5d6b-49fb-9320-633e4f061f9e,Leah Willis,joseph43@example.net,856-732-3013
1a633d45-a054-4bdf-998e-4b37c8496f11,Sheila Gibbs,jenniferfreeman@example.com,001-291-661-6501
ef93db1f-71b6-4ac8-b082-0aac1ece8559,Melissa Thomas,darren57@example.org,208.695.0068
ec8ba36e-fcbb-4c53-ab3f-d76a5e1cd57b,Tina Wood,marilyn04@example.org,487-277-5002x790
5b58b4eb-9131-4087-a4c4-e36b197b0231,Joel Wade,mariaelliott@example.net,+1-235-491-4826x3899
265ae0c3-3c86-4826-9082-5c433435c9b3,Daniel Johnston,perkinstracy@example.net,001-664-671-3511x60584
052343d1-1c2d-4727-9d7f-89db5e44553e,John Olson,huynhjared@example.org,+1-290-471-8972
97468d75-3491-432d-b0b6-df178e25c4ec,Christian Reyes,bgilbert@example.org,638.939.1067x753
8c1c2b77-3eea-4c05-89b7-7855c3e4bf9e,John Garcia,julie71@example.org,537-814-7122x5986
decdc036-fa13-4069-8dc6-ea1d408a6d2c,Nicole Long,whitneykirk@example.net,(763)959-7459x0014
80e7d9cd-02aa-42ed-9ee9-718acccdcb0e,Nicholas Sims,parkrobert@example.net,+1-752-496-1259x05927
c23f5b4a-2bdb-4d87-a82b-f991a1b4a30c,Steven Clark,gcarey@example.org,565-772-4574x5707
56585955-c167-4e26-8485-e420e1e75c23,Gregory Hutchinson,bethbryan@example.net,6952378338
93b38624-0371-4163-80ac-addb5979a2c1,Monica Jimenez,annettemyers@example.com,869.725.7760
bc254a7d-54b6-4c12-b15c-3a00a3dcae10,Brenda Reese,icole@example.net,631.816.6865x8492
c42fcb50-a01e-4f4e-8e08-b0908c982c41,Mrs. Latasha Burns DVM,wileyjennifer@example.net,(641)578-1382
4af69d1c-66de-4ec0-bae5-107e9e36d5b4,Sherry Wood,jay93@example.net,521.804.0250x27832
47c018e3-1467-4f35-b1e0-442d9d61ecc0,Caroline Owens,srogers@example.org,+1-377-605-6412x762
ad3086e5-cd4b-43e2-ae88-064dc7639b6b,Misty Carter,steven26@example.com,804.861.7931
2c639b7d-538a-47f4-ac16-39640bc4e08d,Mike Roach,micheal71@example.com,2072879570
a69838c7-a87f-4aba-84e2-dbb69d194d2f,Katherine Caldwell,kristenbooth@example.net,9117932448
2dc8d742-f9c0-4d29-9ab7-d4cd5d442800,Jesus Long,thomaslee@example.com,8019113665
3e333633-b11f-408f-a73e-e41d389b6fca,Claudia Castillo,ypeterson@example.com,+1-470-349-7760x233
0b2bd284-34ae-429a-a7f9-399256bc22d2,James Miller,jason79@example.net,(335)985-5028
43d533e0-b95d-43e2-9453-9f10c9470e81,Austin Howard,austinjoanna@example.net,459-660-1934x1018
4f3b10fe-851c-4289-bda6-876255a70c23,Sara Vargas,mauricefoster@example.net,5349253251
eb5ef5be-a98c-4abc-9253-636016d10dd6,Sherry Perez,dbridges@example.net,997-404-3722x514
68c44af7-aaed-4391-9559-5d58ff7c6dfb,Brittany Ball DVM,phillip55@example.net,800-483-4769
0ad280b4-a7ad-4fe0-8e6d-0c85ecdcf049,Matthew Oconnell,paulalejandro@example.net,(353)867-0158x6272
f0b3b9e1-6849-49ee-8abf-b959303b627a,Kenneth Gillespie,blairsteven@example.org,+1-303-990-0586x38377
ef64db39-8ed8-4721-8841-94e63f116748,Christopher Nguyen,scott74@example.net,(217)977-3164x52938
7f0c74b6-a11c-4aaf-9503-e087ad4fc1d0,Anthony Brown,jsimpson@example.net,001-484-693-1925x6365
6485f535-e2f8-4dde-8c2d-5db7b276ffa8,Bradley Brady,natashajones@example.org,(347)594-6555x7221
183ed252-2c29-4372-8a30-ca92e4eae396,Cameron Wilson,goulderica@example.net,(604)341-4254x55735
58693a1d-5ee3-453c-bc97-58ca2cb4a45c,Antonio Mejia,taylorrebecca@example.com,(961)830-8073x7060
1263f82d-e1d2-40db-9608-ad01a02358e9,David Edwards,tina35@example.com,345.830.9546
39fa862c-d4c8-4bae-96b7-be1998390c2b,Dr. David Wilcox MD,jarvisryan@example.org,260-990-0895
e9ea7f87-b5b6-46b7-843c-714d33d3c5b0,Rachael Davidson,perkinscheryl@example.net,+1-771-235-3853x33821
73148685-5570-45c1-b646-f42af3e3b0cb,Larry Cooper,troysnyder@example.org,(755)354-0713
9858a886-18c0-41c7-a651-35a2030a17eb,Scott Simmons,svasquez@example.org,675.362.0115x01460
64280710-c513-41a9-bf39-0c920f94dfef,Joel Ponce,donaldmoore@example.org,001-690-471-9344x1046
a5b7794e-4320-47c8-9f7a-bf60621ec897,Joseph White,meganlee@example.org,325-430-9925
e92e65d9-028a-4683-b7cc-d08067dbfc92,Seth Sanchez,twalker@example.org,808.491.5451
5e8d15f1-f080-40ee-b8f0-4e238b394814,Jonathan Sawyer,gary12@example.net,771.207.7063
2e03db50-3766-4cc6-a0e9-e759283efa30,Dylan Estes,aguirretodd@example.org,649.709.1708
2405809b-52a2-4675-8311-f9502b542d24,Zachary Todd,lauramartinez@example.com,+1-384-760-6768x05534
457a5f51-8373-427b-b603-948484745c81,Lori Dyer,jamessmith@example.com,905-856-4211x872
ba004505-8d22-4540-a423-be768bfc638e,John Clark,gregorydavis@example.net,504.800.0216x77906
ff6a2e1c-950b-4ebf-8e0d-ea87779ada05,Randy Allen,pharris@example.net,001-347-774-6848x61345
2f25b726-255e-43d2-b585-d0d8d1d47359,Seth Washington,jdickson@example.com,341-755-2970x95540
5ba8e8c4-00f8-4b19-8187-a9ebab701c7e,Tonya Jackson,jennifermays@example.org,8674153492
c532d51c-0381-4c67-b299-a1128482fe9e,Barbara Walters,fdiaz@example.net,001-268-561-1707
