BrandID,BrandName,BrandDescription
8370ee8e-a34c-4c9a-a3ac-6f7cc3b80253,Ellison-Jenkins,Persistent dedicated process improvement
c66ffa1c-b312-4e47-a075-cd1049dc6314,Fletcher-Ferguson,Seamless dedicated paradigm
6e494f10-b492-4ae2-8958-4d0ee044278b,Tran and Sons,Polarized zero tolerance core
9d1f89da-be57-498c-be19-2efdf7d33dd3,Bradley-Ball,Universal zero tolerance analyzer
90559d29-dbae-47be-bf05-c6160747757f,Walker PLC,Universal analyzing hub
b363119f-9702-4d17-a13c-3da206fd69ed,Martin-Dunn,Object-based cohesive capability
4c0e49d3-4f2e-4d65-9094-9dfa30ea094f,Lozano-Randolph,User-centric regional database
4b2e4bf4-4c77-4154-8e25-e588ce7cc335,Smith-Morrison,Face-to-face eco-centric orchestration
20a2299a-311e-4853-bf76-2a0f6f99749e,Mitchell and Sons,Secured foreground definition
cb7d0b52-375d-489c-8bff-fedb7e444e67,Cole Inc,Multi-lateral motivating toolset
