EmployeeID,Name,BranchID
97a189de-6d93-474e-8c53-8135d12bdad1,David Schmidt,0b5df725-bc09-483d-9d54-f53eb8584f8a
245552f4-6b89-4e0b-907f-0eee51a8f84a,Victoria Miller,b254017f-a54a-4e83-b8c6-25f9c7ec30f1
f5acf6c1-9160-466c-b1f9-5804a1d1c416,Janice Walls,30f319ad-5d9c-44e1-ad3e-1b1d33a8928e
875b4b18-6c1d-4b02-80da-5d6d140949fc,Randy Hawkins,b254017f-a54a-4e83-b8c6-25f9c7ec30f1
316cfe1b-6315-488e-beac-f9b25548f2ce,Leah Brown,0b5df725-bc09-483d-9d54-f53eb8584f8a
5cee0b96-23dd-4bb4-b08b-afa15a368b0b,Katherine Banks,1573dcfc-374f-4fda-b59a-9b053ba364db
f5a4a844-1056-4849-8c5c-03f6703754c7,Nicole Richardson,0b5df725-bc09-483d-9d54-f53eb8584f8a
1204bc6d-279d-4a8a-a1b7-fdab7c076cb2,Bethany Morris MD,1573dcfc-374f-4fda-b59a-9b053ba364db
7c74cb2a-5703-4e37-a4eb-045120f5ae35,Henry Perez,a0c4c544-b78a-4c03-bf92-f246c3796ca2
a152cc29-1fa1-4557-a278-7ab79774f4b2,Brittany Herrera,a0c4c544-b78a-4c03-bf92-f246c3796ca2
